date,smp_max,smp_min,smp_mean,supply,year,month,day,dayofweek,temp_max,temp_min,temp_mean
2018-02-01,150.65,116.84,132.71,87.47,2018,2,1,3,5.95,3.3,4.270833333333334
2018-02-02,163.86,116.84,134.19,86.64,2018,2,2,4,5.25,2.45,3.554166666666667
2018-02-03,164.07,116.85,131.39,88.28,2018,2,3,5,4.0,-0.5,1.4333333333333333
2018-02-04,171.0,115.76,131.89,86.14,2018,2,4,6,0.30000000000000004,-2.05,-1.0104166666666667
2018-02-05,170.34,123.89,137.96,90.63,2018,2,5,0,2.05,-1.7000000000000002,0.0020833333333333585
2018-02-06,167.99,119.11,140.06,91.18,2018,2,6,1,-0.2,-1.5,-0.8833333333333332
2018-02-07,141.07,124.11,132.76,90.09,2018,2,7,2,2.3,-1.4,0.4958333333333334
2018-02-08,147.42,116.84,132.91,87.57,2018,2,8,3,6.1,-0.14999999999999997,2.652083333333333
2018-02-09,150.7,116.84,126.95,81.63,2018,2,9,4,9.899999999999999,3.3,6.264583333333334
2018-02-10,147.2,116.34,130.1,83.0,2018,2,10,5,7.300000000000001,3.05,5.875
2018-02-11,149.81,116.91,127.0,82.75,2018,2,11,6,4.1,0.8999999999999999,2.2687500000000003
2018-02-12,167.78,124.68,138.91,89.2,2018,2,12,0,3.0,0.04999999999999999,1.9791666666666667
2018-02-13,146.75,126.95,132.89,85.22,2018,2,13,1,7.6,2.95,4.864583333333333
2018-02-14,168.73,116.84,132.9,75.44,2018,2,14,2,13.45,5.0,9.90625
2018-02-15,142.71,116.62,129.99,74.21,2018,2,15,3,10.6,5.25,7.539583333333334
2018-02-16,137.18,51.12,121.13,74.96,2018,2,16,4,8.4,4.35,6.0249999999999995
2018-02-17,152.5,107.61,126.44,78.31,2018,2,17,5,6.25,2.8,4.562500000000001
2018-02-18,148.28,116.91,130.39,73.8,2018,2,18,6,9.55,2.6,6.524999999999999
2018-02-19,151.67,116.84,133.35,77.87,2018,2,19,0,9.850000000000001,5.25,7.822916666666667
2018-02-20,145.99,115.16,125.54,76.98,2018,2,20,1,11.600000000000001,4.8,8.402083333333335
2018-02-21,167.06,116.84,134.82,81.87,2018,2,21,2,7.45,4.3,5.6812499999999995
2018-02-22,165.91,116.84,134.31,84.73,2018,2,22,3,7.35,3.15,5.047916666666667
2018-02-23,143.44,116.84,128.36,80.26,2018,2,23,4,11.95,3.3,7.906249999999999
2018-02-24,148.34,116.63,125.61,73.9,2018,2,24,5,12.7,6.0,9.379166666666668
2018-02-25,144.2,116.36,126.36,74.19,2018,2,25,6,12.75,7.550000000000001,9.939583333333335
2018-02-26,146.47,116.84,131.38,78.89,2018,2,26,0,12.5,4.9,8.414583333333333
2018-02-27,171.36,116.55,129.76,74.89,2018,2,27,1,14.05,6.25,10.489583333333332
2018-02-28,165.98,115.09,130.85,78.61,2018,2,28,2,15.399999999999999,7.0,11.641666666666666
2018-03-01,181.14,119.65,134.24,80.59,2018,3,1,3,10.15,3.2,6.84375
2018-03-02,175.15,120.62,138.56,78.97,2018,3,2,4,9.149999999999999,3.0,5.75
2018-03-03,180.97,113.75,133.78,73.19,2018,3,3,5,14.25,6.550000000000001,11.129166666666665
2018-03-04,154.19,94.96,128.29,65.1,2018,3,4,6,18.6,13.2,15.772916666666665
2018-03-05,180.0,119.48,135.75,76.46,2018,3,5,0,17.450000000000003,8.2,11.445833333333335
2018-03-06,181.06,120.72,134.07,76.67,2018,3,6,1,10.75,7.35,9.008333333333335
2018-03-07,180.18,120.76,132.96,77.36,2018,3,7,2,11.350000000000001,9.25,9.897916666666665
2018-03-08,148.79,120.44,128.11,80.75,2018,3,8,3,9.0,5.0,7.027083333333334
2018-03-09,155.29,120.62,137.74,79.37,2018,3,9,4,7.65,4.0,5.677083333333332
2018-03-10,156.42,120.74,130.04,77.53,2018,3,10,5,11.149999999999999,4.75,7.795833333333332
2018-03-11,130.54,111.14,124.04,73.95,2018,3,11,6,12.600000000000001,5.1,8.741666666666665
2018-03-12,130.55,120.47,124.43,74.94,2018,3,12,0,14.8,7.3,11.072916666666666
2018-03-13,128.39,119.18,123.89,70.51,2018,3,13,1,17.85,9.8,13.970833333333333
2018-03-14,133.16,116.65,125.3,67.13,2018,3,14,2,19.55,12.75,16.314583333333335
2018-03-15,151.53,99.61,132.88,68.89,2018,3,15,3,17.15,13.1,15.858333333333333
2018-03-16,157.06,112.95,131.0,76.17,2018,3,16,4,12.399999999999999,7.95,9.620833333333332
2018-03-17,178.47,119.61,143.32,73.2,2018,3,17,5,12.95,6.55,9.410416666666666
2018-03-18,155.53,119.1,133.31,66.22,2018,3,18,6,17.8,9.6,13.987499999999997
2018-03-19,157.0,108.57,131.33,76.3,2018,3,19,0,15.5,10.5,13.435416666666667
2018-03-20,153.61,118.81,130.42,80.96,2018,3,20,1,10.25,6.449999999999999,8.610416666666667
2018-03-21,145.02,118.38,134.24,80.62,2018,3,21,2,6.25,4.0,5.295833333333333
2018-03-22,150.24,120.23,135.83,80.24,2018,3,22,3,9.9,4.65,6.90625
2018-03-23,155.68,120.5,132.32,78.27,2018,3,23,4,12.9,4.699999999999999,8.583333333333334
2018-03-24,157.11,116.8,129.99,72.59,2018,3,24,5,15.4,7.199999999999999,11.366666666666667
2018-03-25,159.98,114.86,127.22,69.3,2018,3,25,6,16.25,9.35,12.862499999999999
2018-03-26,155.42,119.19,129.68,71.81,2018,3,26,0,16.6,10.149999999999999,13.375000000000002
2018-03-27,147.7,120.46,125.03,72.05,2018,3,27,1,17.3,9.9,13.987499999999999
2018-03-28,145.45,115.13,129.51,69.04,2018,3,28,2,18.5,11.05,14.691666666666663
2018-03-29,170.18,110.7,136.7,68.56,2018,3,29,3,18.35,12.75,15.40208333333333
2018-03-30,179.64,113.85,133.94,68.84,2018,3,30,4,18.299999999999997,13.25,15.222916666666668
2018-03-31,173.16,114.06,135.34,66.5,2018,3,31,5,18.6,13.05,15.716666666666667
2018-04-01,152.84,117.78,129.73,62.66,2018,4,1,6,20.65,15.350000000000001,17.833333333333336
2018-04-02,147.17,114.6,128.9,64.46,2018,4,2,0,21.6,15.7,18.397916666666667
2018-04-03,146.47,112.57,128.96,63.96,2018,4,3,1,21.5,15.7,18.637500000000003
2018-04-04,146.15,115.72,128.51,64.09,2018,4,4,2,22.0,16.45,18.46041666666667
2018-04-05,157.0,119.59,128.94,66.18,2018,4,5,3,17.85,14.55,16.427083333333332
2018-04-06,146.8,112.89,128.48,73.82,2018,4,6,4,16.9,8.3,11.847916666666668
2018-04-07,140.68,104.62,130.96,77.14,2018,4,7,5,8.7,4.75,6.847916666666667
2018-04-08,138.56,109.54,132.52,72.41,2018,4,8,6,14.5,6.15,10.716666666666667
2018-04-09,153.33,117.05,130.04,71.3,2018,4,9,0,16.65,12.1,14.1625
2018-04-10,148.9,112.26,127.17,65.32,2018,4,10,1,20.3,12.75,16.702083333333334
2018-04-11,132.11,87.0,123.6,67.31,2018,4,11,2,19.45,14.65,17.22083333333333
2018-04-12,149.94,88.3,122.15,65.96,2018,4,12,3,21.0,13.899999999999999,16.854166666666664
2018-04-13,151.95,88.55,127.18,66.34,2018,4,13,4,18.799999999999997,14.55,16.41875
2018-04-14,156.29,87.24,118.1,66.9,2018,4,14,5,17.9,10.05,14.34375
2018-04-15,139.97,87.93,118.32,70.95,2018,4,15,6,15.399999999999999,9.350000000000001,11.816666666666665
2018-04-16,143.54,120.21,126.7,69.32,2018,4,16,0,14.35,8.649999999999999,11.7875
2018-04-17,152.17,109.58,128.95,70.04,2018,4,17,1,16.450000000000003,12.399999999999999,14.204166666666664
2018-04-18,153.92,110.44,129.06,71.89,2018,4,18,2,17.25,11.0,13.614583333333336
2018-04-19,147.36,120.72,131.39,70.51,2018,4,19,3,18.15,9.0,14.09375
2018-04-20,146.85,110.57,126.6,69.56,2018,4,20,4,19.6,11.7,15.675000000000002
2018-04-21,150.95,118.85,129.26,64.28,2018,4,21,5,22.0,12.45,17.474999999999998
2018-04-22,131.25,120.8,126.33,62.76,2018,4,22,6,19.9,18.4,18.97708333333333
2018-04-23,150.47,88.78,130.0,66.84,2018,4,23,0,19.15,17.6,18.5625
2018-04-24,150.78,109.58,130.2,67.67,2018,4,24,1,17.4,13.600000000000001,15.181249999999999
2018-04-25,151.08,108.77,130.26,71.06,2018,4,25,2,16.4,11.95,14.20833333333333
2018-04-26,158.91,116.02,130.28,68.0,2018,4,26,3,18.45,11.75,15.18125
2018-04-27,145.25,119.45,128.72,66.32,2018,4,27,4,20.45,12.95,16.360416666666666
2018-04-28,137.28,118.77,126.08,63.86,2018,4,28,5,18.8,13.55,16.166666666666668
2018-04-29,133.41,117.94,126.07,61.98,2018,4,29,6,18.65,13.0,16.11875
2018-04-30,132.7,120.22,125.65,63.19,2018,4,30,0,19.4,16.450000000000003,17.93333333333333
2018-05-01,129.84,117.09,124.66,63.46,2018,5,1,1,20.6,17.450000000000003,19.014583333333338
2018-05-02,131.69,120.27,124.41,66.53,2018,5,2,2,20.05,13.149999999999999,17.308333333333334
2018-05-03,177.3,115.01,125.97,67.86,2018,5,3,3,18.85,12.0,14.762499999999998
2018-05-04,131.18,120.44,125.36,67.22,2018,5,4,4,19.4,12.0,15.579166666666666
2018-05-05,133.71,114.07,125.65,61.13,2018,5,5,5,21.15,13.25,17.50208333333333
2018-05-06,129.22,80.38,120.98,61.55,2018,5,6,6,18.3,16.25,17.51666666666667
2018-05-07,131.68,114.16,124.83,62.69,2018,5,7,0,18.0,16.15,17.035416666666666
2018-05-08,149.58,109.5,128.58,64.51,2018,5,8,1,17.549999999999997,14.7,15.970833333333331
2018-05-09,152.16,112.58,128.99,64.78,2018,5,9,2,17.3,13.8,15.322916666666666
2018-05-10,150.52,113.47,127.54,66.11,2018,5,10,3,18.2,13.0,15.418750000000001
2018-05-11,153.79,110.78,127.95,61.16,2018,5,11,4,21.15,12.25,17.120833333333334
2018-05-12,130.36,113.91,124.47,60.43,2018,5,12,5,20.799999999999997,18.45,19.304166666666664
2018-05-13,152.86,80.7,122.69,60.61,2018,5,13,6,19.5,15.5,17.904166666666665
2018-05-14,148.5,116.85,129.57,63.13,2018,5,14,0,23.55,14.85,19.206249999999997
2018-05-15,153.76,118.78,128.76,63.72,2018,5,15,1,24.0,18.05,20.958333333333332
2018-05-16,151.16,115.85,128.5,67.37,2018,5,16,2,22.35,20.65,21.462500000000002
2018-05-17,153.96,115.02,127.86,69.54,2018,5,17,3,22.200000000000003,20.9,21.620833333333334
2018-05-18,153.75,114.09,131.27,66.97,2018,5,18,4,22.15,17.55,20.481250000000003
2018-05-19,155.13,81.54,126.92,61.92,2018,5,19,5,17.35,14.899999999999999,16.472916666666666
2018-05-20,138.67,66.54,105.71,61.66,2018,5,20,6,18.25,14.95,16.310416666666665
2018-05-21,146.78,123.53,130.97,62.49,2018,5,21,0,20.0,15.75,17.841666666666665
2018-05-22,145.06,120.31,133.14,60.36,2018,5,22,1,23.0,16.8,19.583333333333332
2018-05-23,175.9,120.08,137.1,64.34,2018,5,23,2,22.450000000000003,16.200000000000003,18.49375
2018-05-24,171.88,120.35,145.74,62.93,2018,5,24,3,22.0,14.3,18.629166666666666
2018-05-25,174.17,120.68,134.43,62.86,2018,5,25,4,22.4,16.4,19.335416666666667
2018-05-26,136.67,124.32,129.48,62.04,2018,5,26,5,21.5,14.8,18.0125
2018-05-27,176.45,122.58,135.18,61.61,2018,5,27,6,21.700000000000003,17.55,19.77291666666667
2018-05-28,175.69,123.11,133.92,64.45,2018,5,28,0,20.55,18.35,19.227083333333333
2018-05-29,171.07,124.93,138.52,64.45,2018,5,29,1,22.65,18.85,20.349999999999998
2018-05-30,173.67,124.33,140.81,65.18,2018,5,30,2,22.9,19.049999999999997,20.724999999999998
2018-05-31,176.69,124.97,132.31,62.62,2018,5,31,3,21.5,16.95,19.16458333333333
2018-06-01,152.46,135.39,144.78,63.87,2018,6,1,4,23.4,16.05,20.29791666666667
2018-06-02,170.78,126.35,134.85,62.74,2018,6,2,5,24.35,19.6,21.925
2018-06-03,164.63,126.47,134.25,61.77,2018,6,3,6,23.85,19.049999999999997,21.400000000000002
2018-06-04,166.75,126.21,141.64,64.6,2018,6,4,0,25.15,18.9,22.0125
2018-06-05,189.63,126.82,140.21,64.38,2018,6,5,1,21.6,19.15,19.98541666666667
2018-06-06,164.94,127.09,134.7,62.86,2018,6,6,2,22.799999999999997,18.7,20.614583333333332
2018-06-07,188.69,112.67,145.34,64.56,2018,6,7,3,23.9,18.9,21.23125
2018-06-08,150.57,135.01,140.51,63.89,2018,6,8,4,23.45,19.25,21.164583333333326
2018-06-09,148.49,111.48,141.16,61.33,2018,6,9,5,24.5,18.5,21.412499999999998
2018-06-10,189.58,112.71,142.21,60.38,2018,6,10,6,21.45,18.6,20.1375
2018-06-11,189.93,130.94,144.93,63.24,2018,6,11,0,20.7,18.0,19.129166666666666
2018-06-12,148.51,133.21,142.29,63.02,2018,6,12,1,23.6,18.45,20.752083333333335
2018-06-13,151.1,133.15,140.6,62.43,2018,6,13,2,23.950000000000003,17.7,20.93958333333333
2018-06-14,166.13,130.71,144.33,64.73,2018,6,14,3,25.3,19.4,21.78333333333333
2018-06-15,158.7,127.22,135.96,63.37,2018,6,15,4,23.1,19.25,21.066666666666666
2018-06-16,163.96,127.74,135.25,61.36,2018,6,16,5,22.6,18.35,20.156250000000004
2018-06-17,164.8,127.43,139.19,61.55,2018,6,17,6,23.549999999999997,18.5,20.58125
2018-06-18,162.71,126.58,140.62,65.28,2018,6,18,0,23.299999999999997,19.35,21.337500000000002
2018-06-19,154.82,110.71,141.52,66.21,2018,6,19,1,22.299999999999997,19.549999999999997,21.108333333333338
2018-06-20,160.69,85.85,140.43,66.29,2018,6,20,2,24.15,19.549999999999997,21.722916666666666
2018-06-21,159.66,126.09,146.03,67.61,2018,6,21,3,25.9,20.15,22.616666666666664
2018-06-22,163.85,130.62,144.27,67.33,2018,6,22,4,24.6,19.95,22.231250000000006
2018-06-23,162.2,125.93,136.96,63.98,2018,6,23,5,24.0,17.85,21.335416666666664
2018-06-24,163.81,126.45,137.05,64.67,2018,6,24,6,26.95,19.85,23.364583333333332
2018-06-25,158.12,126.14,143.37,69.63,2018,6,25,0,25.9,20.05,23.25
2018-06-26,149.9,126.02,141.39,77.04,2018,6,26,1,25.25,23.35,24.44791666666667
2018-06-27,150.95,126.45,142.24,74.48,2018,6,27,2,24.6,23.15,24.06041666666667
2018-06-28,151.13,125.29,139.11,74.48,2018,6,28,3,24.15,22.35,23.270833333333332
2018-06-29,170.55,126.22,138.47,73.4,2018,6,29,4,26.65,22.5,23.452083333333334
2018-06-30,186.8,87.17,135.26,66.93,2018,6,30,5,24.4,22.55,23.339583333333334
2018-07-01,189.6,124.2,153.22,68.48,2018,7,1,6,27.25,22.9,25.197916666666668
2018-07-02,181.67,122.39,148.69,74.89,2018,7,2,0,28.0,24.8,26.174999999999997
2018-07-03,149.19,130.93,143.05,69.55,2018,7,3,1,25.6,23.2,24.34166666666667
2018-07-04,148.23,123.28,142.34,75.19,2018,7,4,2,27.700000000000003,24.0,25.718750000000004
2018-07-05,157.89,69.48,132.74,74.46,2018,7,5,3,26.049999999999997,23.5,24.360416666666666
2018-07-06,153.99,67.72,139.86,71.7,2018,7,6,4,23.549999999999997,21.65,22.66875
2018-07-07,181.92,68.51,145.15,63.2,2018,7,7,5,22.15,20.75,21.29791666666667
2018-07-08,153.47,59.88,130.17,63.0,2018,7,8,6,22.4,19.799999999999997,20.95208333333333
2018-07-09,161.81,56.97,132.78,73.64,2018,7,9,0,26.55,21.15,24.11666666666667
2018-07-10,172.55,131.08,153.14,78.7,2018,7,10,1,29.45,24.549999999999997,26.935416666666665
2018-07-11,175.15,127.66,153.37,82.91,2018,7,11,2,28.85,26.049999999999997,27.075
2018-07-12,195.16,138.39,157.29,83.64,2018,7,12,3,28.6,25.45,26.64375
2018-07-13,162.81,146.84,154.04,82.69,2018,7,13,4,28.2,24.7,26.35833333333333
2018-07-14,187.16,138.4,157.14,78.97,2018,7,14,5,28.299999999999997,24.0,26.160416666666663
2018-07-15,180.81,124.78,148.33,78.25,2018,7,15,6,28.15,24.5,26.30208333333333
2018-07-16,173.55,126.72,154.81,85.44,2018,7,16,0,29.15,24.35,26.674999999999997
2018-07-17,187.65,134.21,159.18,85.99,2018,7,17,1,29.4,25.0,27.129166666666674
2018-07-18,196.0,122.9,155.71,85.51,2018,7,18,2,29.85,24.6,27.143749999999997
2018-07-19,192.66,137.96,158.08,86.7,2018,7,19,3,30.5,24.9,27.495833333333334
2018-07-20,237.49,138.49,164.65,88.53,2018,7,20,4,31.45,25.85,28.495833333333334
2018-07-21,188.67,137.9,156.28,84.71,2018,7,21,5,32.0,26.3,29.23125
2018-07-22,188.06,137.65,153.98,79.81,2018,7,22,6,30.15,27.2,28.631250000000005
2018-07-23,194.48,138.01,164.75,90.07,2018,7,23,0,30.450000000000003,26.700000000000003,28.181249999999995
2018-07-24,191.64,138.41,160.71,89.97,2018,7,24,1,29.9,26.45,27.77291666666666
2018-07-25,193.35,138.39,158.57,92.74,2018,7,25,2,29.9,26.15,27.89166666666667
2018-07-26,193.89,141.27,160.8,92.05,2018,7,26,3,30.1,25.549999999999997,27.783333333333335
2018-07-27,190.02,138.48,161.61,93.11,2018,7,27,4,31.6,25.25,28.393749999999997
2018-07-28,193.6,137.79,155.69,88.82,2018,7,28,5,30.75,27.200000000000003,28.747916666666665
2018-07-29,195.26,136.9,154.16,86.99,2018,7,29,6,31.9,26.55,28.972916666666674
2018-07-30,183.46,130.52,157.47,88.39,2018,7,30,0,30.9,27.5,28.57291666666666
2018-07-31,189.61,138.33,161.64,89.98,2018,7,31,1,31.25,26.7,28.724999999999998
2018-08-01,191.07,141.6,162.28,92.4,2018,8,1,2,31.200000000000003,26.8,28.904166666666665
2018-08-02,192.35,141.75,162.43,92.27,2018,8,2,3,32.1,27.3,29.57708333333333
2018-08-03,189.78,141.77,161.79,89.04,2018,8,3,4,29.25,27.5,28.158333333333335
2018-08-04,195.55,142.01,162.27,88.3,2018,8,4,5,30.35,26.799999999999997,28.37291666666667
2018-08-05,188.12,141.66,157.76,87.44,2018,8,5,6,31.55,25.9,28.68541666666667
2018-08-06,182.5,140.03,166.06,94.94,2018,8,6,0,31.25,27.15,29.062500000000004
2018-08-07,194.44,141.77,159.01,94.05,2018,8,7,1,30.950000000000003,27.25,28.891666666666666
2018-08-08,192.27,141.81,166.09,93.7,2018,8,8,2,31.15,26.7,28.820833333333336
2018-08-09,183.46,141.77,166.85,93.81,2018,8,9,3,30.95,27.049999999999997,28.841666666666665
2018-08-10,195.84,141.77,163.26,94.18,2018,8,10,4,31.9,26.75,28.989583333333332
2018-08-11,195.58,141.87,159.61,86.47,2018,8,11,5,31.200000000000003,27.4,28.754166666666666
2018-08-12,172.46,141.67,156.64,85.67,2018,8,12,6,31.8,27.35,29.212500000000006
2018-08-13,190.77,136.36,166.37,94.15,2018,8,13,0,31.7,27.85,29.287500000000005
2018-08-14,193.17,141.77,164.43,94.66,2018,8,14,1,32.7,27.85,30.137500000000003
2018-08-15,194.22,141.68,163.58,90.4,2018,8,15,2,32.15,27.6,29.574999999999992
2018-08-16,195.4,141.45,159.37,85.75,2018,8,16,3,28.05,26.15,27.331249999999997
2018-08-17,195.1,141.81,159.15,76.87,2018,8,17,4,27.9,25.2,26.556250000000006
2018-08-18,180.96,142.06,157.84,75.66,2018,8,18,5,29.05,24.3,26.33125
2018-08-19,188.58,141.97,150.05,78.31,2018,8,19,6,29.549999999999997,24.35,26.89166666666667
2018-08-20,193.76,140.67,160.14,85.18,2018,8,20,0,29.9,26.3,27.78125
2018-08-21,178.02,139.98,156.51,85.92,2018,8,21,1,30.2,24.65,27.535416666666666
2018-08-22,180.84,140.76,151.56,84.2,2018,8,22,2,30.5,26.0,27.966666666666665
2018-08-23,186.53,133.68,154.32,71.37,2018,8,23,3,25.95,23.799999999999997,24.933333333333337
2018-08-24,182.2,136.66,161.45,78.36,2018,8,24,4,27.9,23.9,25.57916666666667
2018-08-25,152.62,140.98,146.93,77.62,2018,8,25,5,28.7,23.4,25.735416666666666
2018-08-26,181.71,140.6,152.21,77.68,2018,8,26,6,28.8,25.9,26.916666666666668
2018-08-27,174.47,140.21,158.96,86.16,2018,8,27,0,28.799999999999997,25.45,26.920833333333334
2018-08-28,188.05,137.36,160.68,85.52,2018,8,28,1,29.0,25.75,27.15625
2018-08-29,182.67,133.71,160.84,85.31,2018,8,29,2,29.5,25.45,27.114583333333332
2018-08-30,174.29,134.14,159.08,87.98,2018,8,30,3,29.35,25.75,27.306250000000002
2018-08-31,173.88,130.84,157.16,87.9,2018,8,31,4,29.8,25.75,27.46666666666667
2018-09-01,191.98,138.09,159.37,77.7,2018,9,1,5,26.45,23.5,25.245833333333334
2018-09-02,192.16,144.57,160.98,75.6,2018,9,2,6,27.8,23.0,25.127083333333328
2018-09-03,184.94,146.21,164.31,80.97,2018,9,3,0,28.35,24.7,26.302083333333343
2018-09-04,197.9,144.31,167.35,77.07,2018,9,4,1,28.2,23.7,25.752083333333328
2018-09-05,182.72,142.5,165.95,76.07,2018,9,5,2,28.049999999999997,22.450000000000003,25.097916666666663
2018-09-06,183.49,145.52,163.21,74.66,2018,9,6,3,26.5,23.6,24.774999999999995
2018-09-07,187.05,143.98,160.74,72.23,2018,9,7,4,24.75,20.9,23.179166666666664
2018-09-08,182.17,146.63,163.1,64.52,2018,9,8,5,23.35,19.5,21.758333333333336
2018-09-09,192.99,134.33,160.6,64.55,2018,9,9,6,25.45,19.35,22.399999999999995
2018-09-10,181.2,142.27,164.46,66.27,2018,9,10,0,25.35,20.25,22.849999999999998
2018-09-11,159.39,136.48,153.44,67.07,2018,9,11,1,24.9,21.15,22.57708333333333
2018-09-12,161.79,140.2,154.31,70.07,2018,9,12,2,24.9,21.6,23.216666666666665
2018-09-13,182.81,88.82,159.42,69.73,2018,9,13,3,24.3,22.5,23.433333333333326
2018-09-14,164.46,88.86,152.8,73.81,2018,9,14,4,26.5,23.55,24.760416666666668
2018-09-15,202.18,146.58,156.98,71.67,2018,9,15,5,27.45,22.9,24.866666666666664
2018-09-16,192.15,59.25,149.37,70.28,2018,9,16,6,27.35,22.75,24.97916666666667
2018-09-17,165.94,57.35,142.54,71.83,2018,9,17,0,25.65,22.45,23.78333333333333
2018-09-18,175.98,136.16,161.28,71.48,2018,9,18,1,27.1,23.049999999999997,24.581250000000008
2018-09-19,202.38,148.84,164.38,69.06,2018,9,19,2,24.85,21.0,23.049999999999997
2018-09-20,202.36,148.84,168.13,75.67,2018,9,20,3,27.55,22.9,25.00416666666666
2018-09-21,173.15,154.78,163.15,75.01,2018,9,21,4,26.799999999999997,23.25,24.458333333333332
2018-09-22,202.69,155.17,168.32,67.86,2018,9,22,5,26.799999999999997,22.200000000000003,24.004166666666674
2018-09-23,181.03,148.72,166.88,64.43,2018,9,23,6,25.950000000000003,21.5,23.625
2018-09-24,202.45,148.72,159.74,55.95,2018,9,24,0,23.1,18.700000000000003,21.543750000000003
2018-09-25,203.75,148.72,163.38,59.69,2018,9,25,1,22.9,16.700000000000003,20.45208333333333
2018-09-26,181.36,148.72,165.43,62.48,2018,9,26,2,25.0,20.65,22.14375
2018-09-27,174.3,156.65,164.26,64.55,2018,9,27,3,23.700000000000003,18.799999999999997,21.26458333333333
2018-09-28,197.92,148.84,172.56,65.37,2018,9,28,4,24.6,19.799999999999997,22.075
2018-09-29,198.46,148.66,169.26,62.83,2018,9,29,5,22.2,18.15,20.337499999999995
2018-09-30,200.6,148.72,162.18,61.44,2018,9,30,6,24.549999999999997,19.549999999999997,21.481250000000003
2018-10-01,177.51,145.83,162.93,63.94,2018,10,1,0,22.9,18.75,20.260416666666668
2018-10-02,179.15,145.83,160.02,64.02,2018,10,2,1,22.700000000000003,17.95,20.097916666666663
2018-10-03,195.92,144.98,156.42,62.83,2018,10,3,2,21.450000000000003,16.6,18.964583333333334
2018-10-04,155.12,144.99,149.29,64.79,2018,10,4,3,22.3,18.35,20.28125
2018-10-05,184.71,146.21,156.58,66.22,2018,10,5,4,23.700000000000003,20.65,21.735416666666666
2018-10-06,185.08,145.8,156.5,61.61,2018,10,6,5,24.15,20.15,21.691666666666666
2018-10-07,201.46,146.03,151.21,60.22,2018,10,7,6,23.15,18.4,20.48333333333333
2018-10-08,185.02,145.6,156.0,63.3,2018,10,8,0,21.25,16.9,18.879166666666666
2018-10-09,186.79,145.86,156.04,63.08,2018,10,9,1,21.65,17.6,19.829166666666662
2018-10-10,186.37,146.26,155.69,63.75,2018,10,10,2,19.299999999999997,16.4,18.095833333333328
2018-10-11,183.1,145.68,163.67,63.92,2018,10,11,3,17.299999999999997,14.35,15.779166666666667
2018-10-12,182.72,145.83,163.03,63.89,2018,10,12,4,17.25,13.25,15.052083333333336
2018-10-13,153.3,145.78,147.91,62.78,2018,10,13,5,18.5,11.850000000000001,15.297916666666666
2018-10-14,201.46,145.25,152.53,62.41,2018,10,14,6,19.6,14.0,17.283333333333335
2018-10-15,191.45,145.81,159.02,64.62,2018,10,15,0,20.25,16.75,18.47916666666667
2018-10-16,173.94,145.14,158.66,65.52,2018,10,16,1,18.95,14.1,16.05
2018-10-17,180.46,145.86,164.75,64.91,2018,10,17,2,19.5,13.600000000000001,16.477083333333336
2018-10-18,182.92,145.83,165.93,65.57,2018,10,18,3,18.1,14.35,16.11875
2018-10-19,180.63,145.83,163.96,64.94,2018,10,19,4,19.049999999999997,12.15,15.61875
2018-10-20,186.22,145.25,158.1,63.03,2018,10,20,5,19.8,12.6,15.952083333333334
2018-10-21,182.81,145.15,159.32,61.18,2018,10,21,6,20.5,13.5,16.987499999999997
2018-10-22,196.46,145.73,163.55,65.5,2018,10,22,0,19.85,14.6,17.045833333333334
2018-10-23,201.17,144.86,162.86,64.52,2018,10,23,1,21.35,16.5,18.427083333333332
2018-10-24,175.53,145.42,162.01,64.4,2018,10,24,2,18.85,14.5,16.68958333333333
2018-10-25,173.0,145.83,160.86,64.21,2018,10,25,3,21.0,12.2,16.966666666666665
2018-10-26,200.68,145.65,164.69,64.43,2018,10,26,4,20.55,16.4,18.235416666666662
2018-10-27,174.85,145.56,160.75,62.45,2018,10,27,5,17.049999999999997,13.7,15.141666666666666
2018-10-28,201.49,145.69,159.61,61.19,2018,10,28,6,19.25,12.35,16.397916666666664
2018-10-29,195.83,145.83,162.77,64.8,2018,10,29,0,21.5,13.8,17.431250000000002
2018-10-30,187.53,145.83,155.85,65.53,2018,10,30,1,16.85,12.899999999999999,14.4125
2018-10-31,201.43,146.24,157.79,65.95,2018,10,31,2,16.450000000000003,11.45,13.437499999999995
2018-11-01,203.85,154.32,168.74,66.26,2018,11,1,3,15.45,11.05,12.92708333333333
2018-11-02,171.9,142.44,161.82,65.76,2018,11,2,4,18.5,10.15,14.241666666666667
2018-11-03,177.65,141.48,163.33,63.87,2018,11,3,5,18.25,12.149999999999999,15.091666666666667
2018-11-04,179.9,141.9,165.42,62.7,2018,11,4,6,18.85,12.35,15.37708333333333
2018-11-05,205.86,145.81,168.12,65.79,2018,11,5,0,18.6,11.95,15.231249999999998
2018-11-06,204.17,144.71,168.46,66.14,2018,11,6,1,19.799999999999997,13.3,16.477083333333333
2018-11-07,193.55,149.94,161.39,65.59,2018,11,7,2,19.25,15.600000000000001,17.618749999999995
2018-11-08,187.11,149.94,160.19,66.9,2018,11,8,3,20.0,15.0,18.177083333333336
2018-11-09,180.57,149.94,163.48,66.77,2018,11,9,4,16.75,12.2,14.841666666666669
2018-11-10,185.79,149.58,166.77,64.49,2018,11,10,5,17.65,10.5,13.766666666666666
2018-11-11,167.48,100.04,152.12,62.92,2018,11,11,6,18.0,11.45,14.781250000000002
2018-11-12,184.04,133.73,165.63,67.05,2018,11,12,0,14.7,12.899999999999999,13.604166666666664
2018-11-13,185.26,143.01,162.92,67.35,2018,11,13,1,15.350000000000001,12.05,13.32291666666667
2018-11-14,190.0,147.26,164.99,68.11,2018,11,14,2,16.45,10.65,13.420833333333329
2018-11-15,182.36,141.48,159.4,66.41,2018,11,15,3,19.4,11.65,15.6625
2018-11-16,171.31,101.11,154.59,67.26,2018,11,16,4,16.9,13.8,14.935416666666667
2018-11-17,172.02,99.67,156.76,66.29,2018,11,17,5,14.65,10.95,12.697916666666666
2018-11-18,166.53,95.48,148.43,66.14,2018,11,18,6,13.3,10.4,11.802083333333334
2018-11-19,161.95,134.92,154.05,69.59,2018,11,19,0,14.8,11.350000000000001,12.720833333333337
2018-11-20,163.5,147.68,156.51,70.5,2018,11,20,1,15.2,10.2,12.141666666666666
2018-11-21,160.43,144.61,154.65,69.77,2018,11,21,2,16.05,10.3,12.88541666666667
2018-11-22,169.43,146.41,156.96,73.43,2018,11,22,3,12.7,7.3999999999999995,10.168750000000001
2018-11-23,206.5,149.07,162.23,73.38,2018,11,23,4,12.0,6.550000000000001,8.995833333333335
2018-11-24,177.86,102.11,152.31,67.55,2018,11,24,5,17.55,9.649999999999999,14.039583333333335
2018-11-25,183.49,98.81,153.78,66.51,2018,11,25,6,15.3,10.2,12.747916666666669
2018-11-26,165.59,99.82,154.21,69.48,2018,11,26,0,16.75,10.850000000000001,14.06875
2018-11-27,163.26,139.53,155.4,69.31,2018,11,27,1,17.200000000000003,12.45,14.10416666666667
2018-11-28,204.02,140.26,163.78,71.08,2018,11,28,2,15.5,11.1,13.129166666666668
2018-11-29,204.23,144.53,162.1,70.04,2018,11,29,3,17.5,9.2,13.179166666666669
2018-11-30,185.96,149.17,164.16,69.44,2018,11,30,4,16.5,10.600000000000001,13.210416666666662
2018-12-01,189.08,106.18,169.49,67.57,2018,12,1,5,16.05,11.85,13.706250000000002
2018-12-02,193.06,88.98,161.04,64.17,2018,12,2,6,19.75,14.55,17.4
2018-12-03,196.23,160.5,173.87,67.14,2018,12,3,0,21.2,17.5,18.814583333333328
2018-12-04,194.37,140.39,175.42,70.67,2018,12,4,1,18.9,10.75,14.479166666666666
2018-12-05,196.52,142.83,170.85,73.29,2018,12,5,2,11.05,8.2,9.677083333333332
2018-12-06,219.62,155.96,174.03,75.18,2018,12,6,3,12.0,8.05,9.645833333333334
2018-12-07,216.15,156.96,178.78,81.61,2018,12,7,4,10.05,2.9000000000000004,5.372916666666668
2018-12-08,217.74,151.6,168.4,80.06,2018,12,8,5,5.65,2.6500000000000004,3.9062499999999996
2018-12-09,195.18,89.28,168.12,78.29,2018,12,9,6,4.25,2.5,3.4249999999999994
2018-12-10,201.14,154.04,176.1,79.78,2018,12,10,0,9.600000000000001,4.1,6.995833333333334
2018-12-11,219.71,152.11,170.77,79.03,2018,12,11,1,9.95,7.95,9.035416666666665
2018-12-12,194.73,148.38,175.2,84.42,2018,12,12,2,8.8,5.9,6.822916666666667
2018-12-13,219.21,151.06,174.66,83.11,2018,12,13,3,9.3,5.4,7.279166666666668
2018-12-14,199.22,149.14,173.6,83.54,2018,12,14,4,6.550000000000001,4.85,5.664583333333334
2018-12-15,198.86,161.02,173.94,79.37,2018,12,15,5,9.1,2.55,6.104166666666668
2018-12-16,175.56,151.39,166.51,74.17,2018,12,16,6,10.55,7.3,9.1
2018-12-17,177.14,161.58,166.48,82.0,2018,12,17,0,11.35,9.05,9.954166666666667
2018-12-18,201.05,161.49,172.24,80.85,2018,12,18,1,11.65,7.15,9.316666666666668
2018-12-19,176.76,161.0,167.02,73.9,2018,12,19,2,16.799999999999997,8.0,13.079166666666667
2018-12-20,218.66,155.58,168.83,76.57,2018,12,20,3,15.350000000000001,11.5,12.743750000000004
2018-12-21,216.32,149.78,173.92,71.74,2018,12,21,4,17.3,12.55,14.910416666666665
2018-12-22,177.75,103.24,163.91,71.11,2018,12,22,5,15.3,11.149999999999999,12.968749999999998
2018-12-23,198.5,147.55,170.15,74.77,2018,12,23,6,11.7,7.65,9.902083333333335
2018-12-24,214.49,160.5,170.59,80.25,2018,12,24,0,7.9,5.449999999999999,6.500000000000001
2018-12-25,191.42,147.53,169.78,74.63,2018,12,25,1,10.25,4.45,7.364583333333333
2018-12-26,205.36,161.71,172.32,80.19,2018,12,26,2,9.6,6.949999999999999,8.597916666666668
2018-12-27,208.27,161.88,174.74,89.53,2018,12,27,3,6.5,1.7000000000000002,2.9854166666666675
2018-12-28,214.13,161.88,180.16,90.76,2018,12,28,4,2.55,1.15,1.8687499999999997
2018-12-29,209.51,152.53,171.66,86.13,2018,12,29,5,3.85,1.25,2.704166666666666
2018-12-30,200.64,159.99,175.13,84.29,2018,12,30,6,3.7,2.15,3.0229166666666667
2018-12-31,211.99,104.37,170.41,85.75,2018,12,31,0,5.35,3.4,4.483333333333333
2019-01-01,168.22,71.64,138.28,81.11,2019,1,1,1,6.0,4.35,5.089583333333333
2019-01-02,192.93,142.55,158.79,90.17,2019,1,2,2,6.0,4.25,4.98125
2019-01-03,183.19,145.41,155.71,87.34,2019,1,3,3,7.5,3.5500000000000003,5.216666666666666
2019-01-04,175.35,142.88,157.04,85.2,2019,1,4,4,10.100000000000001,3.7,6.339583333333334
2019-01-05,164.41,106.06,147.77,83.75,2019,1,5,5,8.45,5.800000000000001,6.939583333333334
2019-01-06,192.13,100.08,152.83,82.32,2019,1,6,6,6.95,4.949999999999999,5.693750000000001
2019-01-07,193.97,140.41,160.03,85.12,2019,1,7,0,8.3,4.3,6.091666666666666
2019-01-08,190.67,146.52,153.94,88.68,2019,1,8,1,8.399999999999999,4.6,6.7145833333333345
2019-01-09,193.5,146.75,160.34,88.52,2019,1,9,2,5.85,2.1,4.3604166666666675
2019-01-10,192.45,144.49,161.03,86.79,2019,1,10,3,7.45,5.449999999999999,6.670833333333334
2019-01-11,192.51,138.01,158.77,83.32,2019,1,11,4,8.95,6.0,7.556249999999999
2019-01-12,192.24,138.99,160.42,80.81,2019,1,12,5,9.95,8.2,8.822916666666666
2019-01-13,192.73,99.82,155.67,81.62,2019,1,13,6,9.100000000000001,6.7,7.758333333333333
2019-01-14,188.16,132.94,159.58,83.8,2019,1,14,0,9.3,5.05,7.066666666666667
2019-01-15,192.02,145.62,159.06,87.05,2019,1,15,1,9.7,3.9499999999999997,7.274999999999999
2019-01-16,190.29,146.36,162.0,93.47,2019,1,16,2,3.8499999999999996,2.1,3.03125
2019-01-17,190.62,145.95,161.14,91.6,2019,1,17,3,6.699999999999999,3.6999999999999997,5.002083333333334
2019-01-18,192.89,146.36,157.9,86.66,2019,1,18,4,9.899999999999999,3.85,6.35625
2019-01-19,181.87,142.17,158.5,79.6,2019,1,19,5,12.6,5.05,9.404166666666665
2019-01-20,183.54,99.68,151.87,84.96,2019,1,20,6,11.350000000000001,4.0,7.181249999999999
2019-01-21,190.33,142.64,162.12,88.0,2019,1,21,0,7.9,3.4,5.5375000000000005
2019-01-22,191.35,142.51,159.34,86.77,2019,1,22,1,10.85,5.65,7.743750000000001
2019-01-23,189.0,131.17,159.2,86.03,2019,1,23,2,11.850000000000001,5.699999999999999,8.50625
2019-01-24,190.28,144.51,161.19,85.09,2019,1,24,3,9.55,4.6,6.756249999999999
2019-01-25,187.64,141.19,161.04,87.41,2019,1,25,4,9.45,3.35,6.210416666666666
2019-01-26,193.46,144.19,158.62,89.98,2019,1,26,5,5.4,3.0,3.983333333333333
2019-01-27,181.53,139.31,154.61,84.16,2019,1,27,6,8.649999999999999,2.65,5.545833333333334
2019-01-28,191.86,110.86,159.11,87.08,2019,1,28,0,10.3,5.35,7.7625
2019-01-29,189.75,133.91,163.04,84.98,2019,1,29,1,9.0,3.05,6.070833333333332
2019-01-30,182.75,109.43,155.18,82.15,2019,1,30,2,10.45,7.1,8.258333333333335
2019-01-31,194.05,110.62,156.54,91.6,2019,1,31,3,7.5,3.2,4.897916666666667
2019-02-01,159.88,116.4,133.5,87.95,2019,2,1,4,6.05,2.9000000000000004,4.370833333333333
2019-02-02,168.75,110.92,136.94,79.2,2019,2,2,5,13.350000000000001,4.95,8.912500000000001
2019-02-03,166.91,61.72,134.62,73.06,2019,2,3,6,16.450000000000003,9.0,13.24375
2019-02-04,169.52,114.13,131.18,78.3,2019,2,4,0,9.1,5.65,7.216666666666669
2019-02-05,142.88,53.16,121.25,73.45,2019,2,5,1,12.9,4.5,9.004166666666666
2019-02-06,160.1,61.72,129.16,72.49,2019,2,6,2,14.850000000000001,9.399999999999999,11.9125
2019-02-07,166.84,125.04,136.11,85.25,2019,2,7,3,12.3,2.4,7.372916666666666
2019-02-08,165.46,124.76,139.99,85.17,2019,2,8,4,5.4,1.5,3.1833333333333336
2019-02-09,164.0,122.58,140.41,89.63,2019,2,9,5,4.5,1.65,2.9937500000000004
2019-02-10,166.69,126.75,142.92,84.03,2019,2,10,6,4.550000000000001,1.9500000000000002,3.0729166666666665
2019-02-11,164.14,125.04,141.05,90.72,2019,2,11,0,4.4,3.0999999999999996,3.6
2019-02-12,169.2,125.04,137.83,85.78,2019,2,12,1,8.350000000000001,2.0,5.316666666666667
2019-02-13,169.54,125.04,136.21,87.79,2019,2,13,2,8.45,5.300000000000001,6.725000000000001
2019-02-14,163.19,120.66,132.76,88.15,2019,2,14,3,6.95,4.25,5.408333333333334
2019-02-15,167.55,125.04,135.95,87.68,2019,2,15,4,7.550000000000001,5.25,6.3812500000000005
2019-02-16,160.64,113.9,135.76,87.13,2019,2,16,5,6.5,3.25,4.391666666666667
2019-02-17,161.83,120.63,135.17,84.73,2019,2,17,6,6.4,3.15,4.235416666666667
2019-02-18,168.05,125.04,137.37,84.23,2019,2,18,0,9.55,3.5,6.866666666666666
2019-02-19,169.4,116.8,133.36,82.39,2019,2,19,1,13.3,6.300000000000001,9.65
2019-02-20,169.47,125.04,136.44,82.82,2019,2,20,2,8.600000000000001,5.25,6.879166666666666
2019-02-21,161.36,125.04,138.76,83.36,2019,2,21,3,8.8,5.6,7.029166666666666
2019-02-22,169.54,124.51,136.38,82.92,2019,2,22,4,11.25,6.35,8.387500000000003
2019-02-23,161.67,121.11,141.01,77.61,2019,2,23,5,13.3,5.75,9.404166666666669
2019-02-24,165.33,89.7,133.31,77.16,2019,2,24,6,13.600000000000001,9.05,11.320833333333333
2019-02-25,169.01,116.84,141.62,80.1,2019,2,25,0,12.7,7.4,9.499999999999998
2019-02-26,168.62,129.77,142.52,81.53,2019,2,26,1,12.4,6.25,9.104166666666666
2019-02-27,167.08,121.24,140.02,81.95,2019,2,27,2,12.0,9.25,10.527083333333335
2019-02-28,165.83,113.07,135.37,80.93,2019,2,28,3,13.0,8.5,10.43125
2019-03-01,168.66,123.69,142.02,79.3,2019,3,1,4,11.899999999999999,6.4,9.277083333333334
2019-03-02,169.58,91.06,130.13,77.48,2019,3,2,5,13.8,7.75,10.429166666666667
2019-03-03,154.97,93.03,127.65,75.37,2019,3,3,6,13.25,10.2,11.61875
2019-03-04,169.3,123.32,133.49,80.49,2019,3,4,0,12.05,8.55,10.070833333333335
2019-03-05,169.66,123.8,133.66,78.36,2019,3,5,1,14.0,7.6499999999999995,10.9375
2019-03-06,169.37,123.8,134.74,79.71,2019,3,6,2,12.55,8.649999999999999,10.366666666666669
2019-03-07,165.81,123.54,134.71,84.43,2019,3,7,3,10.3,7.0,8.220833333333333
2019-03-08,169.37,123.8,132.78,81.18,2019,3,8,4,12.5,4.65,8.700000000000001
2019-03-09,131.04,117.21,126.69,74.57,2019,3,9,5,15.05,7.15,11.049999999999999
2019-03-10,134.95,108.89,126.03,74.93,2019,3,10,6,12.9,9.7,11.225000000000001
2019-03-11,165.54,123.8,133.41,79.97,2019,3,11,0,13.45,7.699999999999999,10.304166666666665
2019-03-12,168.41,118.09,130.22,78.78,2019,3,12,1,14.8,6.2,10.39583333333333
2019-03-13,163.47,123.8,143.1,84.49,2019,3,13,2,11.35,5.1,7.824999999999999
2019-03-14,168.8,123.8,139.75,83.09,2019,3,14,3,12.85,6.45,9.054166666666667
2019-03-15,182.9,114.23,150.07,81.55,2019,3,15,4,14.25,6.75,10.164583333333335
2019-03-16,172.69,127.13,152.46,79.1,2019,3,16,5,11.75,5.75,8.81875
2019-03-17,163.14,120.66,145.13,77.48,2019,3,17,6,13.8,8.899999999999999,11.493749999999999
2019-03-18,178.86,117.41,151.62,79.39,2019,3,18,0,13.95,7.75,10.366666666666665
2019-03-19,174.06,118.34,150.87,76.91,2019,3,19,1,16.5,8.75,12.335416666666667
2019-03-20,180.31,117.47,151.11,73.5,2019,3,20,2,17.55,10.55,14.4125
2019-03-21,168.85,114.17,147.59,76.61,2019,3,21,3,17.1,7.45,11.768750000000002
2019-03-22,167.19,125.66,152.1,82.27,2019,3,22,4,10.25,6.25,7.545833333333333
2019-03-23,174.46,117.71,149.78,82.29,2019,3,23,5,11.95,6.199999999999999,8.40833333333333
2019-03-24,170.95,114.91,147.13,79.88,2019,3,24,6,10.95,4.0,7.324999999999998
2019-03-25,176.15,117.6,150.11,80.02,2019,3,25,0,11.9,6.6,9.260416666666668
2019-03-26,171.49,120.48,143.25,77.48,2019,3,26,1,18.6,8.7,13.835416666666665
2019-03-27,171.97,114.79,139.69,72.94,2019,3,27,2,17.2,11.75,14.687499999999998
2019-03-28,178.56,114.12,148.23,73.05,2019,3,28,3,17.15,12.600000000000001,14.69375
2019-03-29,179.08,115.26,149.46,72.72,2019,3,29,4,17.0,11.55,14.216666666666667
2019-03-30,168.35,109.51,149.03,79.13,2019,3,30,5,14.75,7.35,11.595833333333337
2019-03-31,168.35,117.66,149.14,81.4,2019,3,31,6,10.2,6.2,7.868750000000002
2019-04-01,217.93,134.52,147.73,80.91,2019,4,1,0,13.05,6.1,9.508333333333331
2019-04-02,179.62,127.09,148.66,81.04,2019,4,2,1,14.0,8.85,10.810416666666667
2019-04-03,218.06,119.83,147.43,81.98,2019,4,3,2,14.55,7.5,10.43125
2019-04-04,181.52,122.51,145.53,77.88,2019,4,4,3,14.9,6.550000000000001,10.897916666666669
2019-04-05,160.92,136.04,146.23,75.43,2019,4,5,4,17.85,11.55,14.0375
2019-04-06,165.45,115.83,146.13,72.17,2019,4,6,5,17.8,11.1,13.862499999999997
2019-04-07,165.8,125.14,142.17,68.16,2019,4,7,6,18.5,11.9,15.068750000000001
2019-04-08,182.16,120.05,145.95,71.92,2019,4,8,0,17.45,11.5,14.510416666666666
2019-04-09,221.96,123.01,151.2,73.71,2019,4,9,1,16.4,13.9,14.993749999999997
2019-04-10,224.71,127.39,153.01,78.43,2019,4,10,2,14.649999999999999,9.399999999999999,10.783333333333331
2019-04-11,217.69,126.61,150.53,76.96,2019,4,11,3,13.5,9.4,11.339583333333332
2019-04-12,180.36,136.8,146.84,77.04,2019,4,12,4,16.2,9.85,12.956249999999997
2019-04-13,176.47,129.7,156.28,74.11,2019,4,13,5,16.6,9.6,13.40625
2019-04-14,181.61,127.21,147.16,73.36,2019,4,14,6,17.25,10.95,13.875
2019-04-15,181.48,135.35,148.11,74.73,2019,4,15,0,17.3,9.7,13.060416666666667
2019-04-16,157.53,136.49,144.93,69.44,2019,4,16,1,20.3,11.45,15.75416666666667
2019-04-17,162.6,136.49,147.63,73.39,2019,4,17,2,17.3,13.45,15.468750000000002
2019-04-18,181.74,136.34,145.67,70.74,2019,4,18,3,19.05,11.8,15.43125
2019-04-19,181.48,135.42,147.53,67.73,2019,4,19,4,19.15,12.75,16.23541666666667
2019-04-20,155.26,124.68,144.4,69.22,2019,4,20,5,18.9,14.55,16.4375
2019-04-21,163.95,126.77,147.07,64.02,2019,4,21,6,20.9,14.350000000000001,17.67083333333333
2019-04-22,164.52,136.96,148.23,65.73,2019,4,22,0,21.25,16.7,19.047916666666666
2019-04-23,160.84,125.42,147.19,67.18,2019,4,23,1,19.1,16.85,18.02291666666667
2019-04-24,164.66,126.48,146.58,66.42,2019,4,24,2,20.05,16.05,17.658333333333335
2019-04-25,164.3,139.15,147.04,66.63,2019,4,25,3,17.85,14.65,16.1625
2019-04-26,156.61,136.8,145.24,73.65,2019,4,26,4,15.850000000000001,11.15,12.549999999999995
2019-04-27,225.06,136.46,149.72,70.14,2019,4,27,5,15.8,10.85,13.408333333333333
2019-04-28,164.56,127.99,146.72,66.8,2019,4,28,6,17.1,12.75,14.975000000000001
2019-04-29,165.41,135.97,146.38,70.28,2019,4,29,0,18.9,14.5,15.993750000000004
2019-04-30,160.79,136.63,147.02,68.97,2019,4,30,1,16.9,14.3,15.422916666666667
2019-05-01,146.05,133.43,139.95,68.46,2019,5,1,2,19.1,13.15,15.13125
2019-05-02,179.02,136.56,147.09,69.78,2019,5,2,3,21.9,13.350000000000001,17.525000000000002
2019-05-03,180.46,134.72,145.75,69.67,2019,5,3,4,22.5,15.75,19.09583333333334
2019-05-04,182.81,133.33,143.88,66.6,2019,5,4,5,21.9,14.4,18.7
2019-05-05,150.07,133.1,139.69,66.23,2019,5,5,6,22.0,16.25,18.879166666666666
2019-05-06,183.65,136.86,143.51,68.31,2019,5,6,0,18.8,13.350000000000001,16.23125
2019-05-07,143.93,133.43,138.94,70.67,2019,5,7,1,18.6,12.45,15.387499999999998
2019-05-08,184.71,133.43,142.56,66.53,2019,5,8,2,19.2,12.7,16.020833333333332
2019-05-09,183.37,133.43,142.51,69.18,2019,5,9,3,20.45,14.95,17.347916666666663
2019-05-10,176.16,133.43,145.78,68.22,2019,5,10,4,20.9,14.45,17.63125
2019-05-11,176.62,132.99,141.83,66.55,2019,5,11,5,22.25,15.149999999999999,18.41458333333333
2019-05-12,151.15,130.2,139.58,64.82,2019,5,12,6,21.25,15.3,18.470833333333335
2019-05-13,147.45,132.47,141.0,65.82,2019,5,13,0,21.799999999999997,17.049999999999997,19.395833333333332
2019-05-14,182.57,133.13,142.65,66.88,2019,5,14,1,22.8,18.05,20.14791666666667
2019-05-15,226.1,133.43,163.91,67.16,2019,5,15,2,24.1,17.15,20.95
2019-05-16,184.2,133.43,147.22,67.45,2019,5,16,3,25.25,18.75,21.775000000000002
2019-05-17,184.95,133.43,145.18,65.81,2019,5,17,4,23.45,18.25,20.981249999999996
2019-05-18,178.17,132.62,145.17,62.51,2019,5,18,5,21.5,18.65,19.804166666666664
2019-05-19,183.54,132.9,147.62,62.95,2019,5,19,6,22.05,17.35,20.133333333333336
2019-05-20,179.09,133.43,147.84,66.67,2019,5,20,0,18.3,15.2,17.16875
2019-05-21,183.25,133.43,144.42,65.77,2019,5,21,1,23.1,14.7,18.747916666666665
2019-05-22,146.41,133.43,139.72,65.9,2019,5,22,2,24.1,15.85,20.035416666666666
2019-05-23,148.98,132.63,141.28,66.7,2019,5,23,3,25.799999999999997,18.25,21.34166666666667
2019-05-24,185.3,132.09,142.97,67.01,2019,5,24,4,27.2,19.6,22.860416666666666
2019-05-25,180.17,129.27,149.16,65.02,2019,5,25,5,24.65,18.200000000000003,21.54375
2019-05-26,178.79,127.7,143.77,62.88,2019,5,26,6,23.549999999999997,20.05,21.375
2019-05-27,175.65,129.23,145.98,67.05,2019,5,27,0,21.15,16.1,19.520833333333336
2019-05-28,178.92,131.59,149.97,64.06,2019,5,28,1,21.4,15.55,18.52708333333333
2019-05-29,175.48,134.08,148.34,65.99,2019,5,29,2,25.65,18.55,21.683333333333334
2019-05-30,180.1,132.29,147.88,65.02,2019,5,30,3,24.45,17.6,21.13958333333333
2019-05-31,180.46,133.22,145.36,63.97,2019,5,31,4,20.65,16.299999999999997,17.96666666666667
2019-06-01,193.34,129.06,145.29,63.03,2019,6,1,5,21.9,15.65,18.687500000000004
2019-06-02,159.37,131.11,141.84,63.08,2019,6,2,6,22.950000000000003,17.85,20.070833333333333
2019-06-03,150.7,133.94,142.62,65.43,2019,6,3,0,23.75,17.75,20.785416666666666
2019-06-04,240.07,132.54,162.13,67.49,2019,6,4,1,24.6,19.2,21.64166666666667
2019-06-05,232.18,133.15,173.58,67.27,2019,6,5,2,25.75,19.5,22.431250000000002
2019-06-06,239.85,136.87,156.12,67.86,2019,6,6,3,24.4,19.65,21.849999999999998
2019-06-07,236.19,131.95,169.61,64.21,2019,6,7,4,22.6,18.299999999999997,19.8
2019-06-08,186.16,129.73,150.12,63.27,2019,6,8,5,20.9,17.75,19.29166666666667
2019-06-09,190.01,128.08,145.95,62.54,2019,6,9,6,22.35,18.0,19.64166666666667
2019-06-10,193.05,131.68,154.07,63.91,2019,6,10,0,22.5,17.700000000000003,19.802083333333336
2019-06-11,192.37,133.84,144.27,65.17,2019,6,11,1,21.75,18.0,19.656249999999996
2019-06-12,191.21,135.75,145.67,65.25,2019,6,12,2,21.65,16.85,19.408333333333335
2019-06-13,193.42,133.48,153.81,66.2,2019,6,13,3,23.5,16.25,20.258333333333336
2019-06-14,187.75,133.3,151.72,64.98,2019,6,14,4,20.85,17.5,19.606250000000003
2019-06-15,188.48,134.46,146.89,63.43,2019,6,15,5,22.799999999999997,18.15,20.133333333333333
2019-06-16,188.45,130.31,145.13,62.72,2019,6,16,6,23.35,18.65,20.641666666666666
2019-06-17,235.98,135.17,187.17,65.36,2019,6,17,0,22.75,18.0,20.47083333333333
2019-06-18,238.0,137.84,207.73,65.82,2019,6,18,1,22.05,19.700000000000003,20.8125
2019-06-19,237.75,140.51,211.85,66.68,2019,6,19,2,24.0,19.4,21.424999999999997
2019-06-20,241.07,172.61,214.56,67.32,2019,6,20,3,24.5,19.35,22.164583333333336
2019-06-21,239.23,174.81,214.8,67.39,2019,6,21,4,24.7,20.55,22.564583333333335
2019-06-22,242.02,137.49,196.74,65.42,2019,6,22,5,24.1,19.5,21.575000000000003
2019-06-23,233.26,132.05,181.62,64.12,2019,6,23,6,23.15,19.0,21.1
2019-06-24,238.93,132.05,184.91,66.52,2019,6,24,0,23.9,18.55,21.35208333333333
2019-06-25,235.21,137.23,170.25,67.01,2019,6,25,1,26.0,19.549999999999997,23.002083333333328
2019-06-26,191.36,138.5,157.31,70.62,2019,6,26,2,23.45,19.8,21.95416666666667
2019-06-27,162.5,135.26,151.08,70.26,2019,6,27,3,25.5,22.049999999999997,23.16875
2019-06-28,191.07,136.85,154.48,70.0,2019,6,28,4,24.95,20.75,23.00208333333333
2019-06-29,192.26,135.92,153.88,72.63,2019,6,29,5,24.799999999999997,22.299999999999997,23.625000000000004
2019-06-30,192.26,139.62,152.35,67.55,2019,6,30,6,24.9,21.35,22.714583333333334
2019-07-01,191.46,149.58,160.04,71.52,2019,7,1,0,23.75,20.799999999999997,22.14166666666667
2019-07-02,198.15,152.23,157.4,69.86,2019,7,2,1,23.45,20.6,21.941666666666666
2019-07-03,161.09,152.25,155.5,69.33,2019,7,3,2,23.75,20.6,21.918750000000003
2019-07-04,195.17,149.58,164.76,70.42,2019,7,4,3,25.75,19.5,22.427083333333332
2019-07-05,197.41,152.23,157.6,70.61,2019,7,5,4,27.15,21.75,23.90625
2019-07-06,196.48,149.5,160.09,68.56,2019,7,6,5,26.6,20.45,23.310416666666665
2019-07-07,193.29,149.4,159.54,65.37,2019,7,7,6,24.9,21.85,23.08125
2019-07-08,247.87,149.58,187.12,67.86,2019,7,8,0,22.3,21.1,21.816666666666666
2019-07-09,167.33,150.88,156.87,68.43,2019,7,9,1,23.05,21.299999999999997,21.958333333333332
2019-07-10,160.36,152.41,157.51,69.5,2019,7,10,2,22.2,21.049999999999997,21.829166666666666
2019-07-11,161.19,149.58,155.71,70.13,2019,7,11,3,26.950000000000003,20.950000000000003,23.47083333333333
2019-07-12,167.08,149.58,158.54,70.37,2019,7,12,4,25.2,20.85,22.943749999999998
2019-07-13,172.13,149.5,156.47,66.27,2019,7,13,5,22.1,19.200000000000003,20.900000000000002
2019-07-14,170.0,149.4,158.25,69.22,2019,7,14,6,26.35,21.200000000000003,23.700000000000003
2019-07-15,163.47,149.26,157.7,72.48,2019,7,15,0,25.75,21.799999999999997,23.67291666666667
2019-07-16,160.55,152.1,155.77,73.21,2019,7,16,1,26.3,21.7,24.01041666666666
2019-07-17,197.86,149.58,159.14,75.92,2019,7,17,2,26.2,22.9,24.08333333333334
2019-07-18,250.98,151.56,175.32,73.2,2019,7,18,3,24.95,23.4,24.268749999999997
2019-07-19,187.16,150.61,172.2,75.87,2019,7,19,4,25.1,23.8,24.40625
2019-07-20,193.13,150.07,160.55,70.26,2019,7,20,5,24.75,22.799999999999997,23.28125
2019-07-21,189.26,149.4,160.63,74.05,2019,7,21,6,29.0,22.8,25.120833333333337
2019-07-22,248.9,149.58,174.43,81.4,2019,7,22,0,27.65,24.25,25.36666666666666
2019-07-23,194.51,149.97,167.3,82.75,2019,7,23,1,27.65,24.2,25.556250000000002
2019-07-24,189.78,149.88,168.8,83.35,2019,7,24,2,26.5,24.55,25.349999999999998
2019-07-25,245.57,149.58,188.49,85.37,2019,7,25,3,27.05,24.8,25.702083333333338
2019-07-26,599.28,149.58,184.8,86.26,2019,7,26,4,27.7,25.0,26.222916666666666
2019-07-27,158.52,131.91,153.05,82.91,2019,7,27,5,27.85,25.85,26.537500000000005
2019-07-28,172.18,147.07,156.41,83.66,2019,7,28,6,28.8,25.799999999999997,27.116666666666664
2019-07-29,166.63,148.73,157.88,89.53,2019,7,29,0,29.55,25.6,27.53333333333333
2019-07-30,198.61,147.11,160.05,93.28,2019,7,30,1,28.85,26.700000000000003,27.60833333333333
2019-07-31,192.15,146.2,163.09,93.33,2019,7,31,2,29.950000000000003,26.9,28.13541666666667
2019-08-01,171.92,150.57,164.78,93.97,2019,8,1,3,30.6,26.4,28.366666666666664
2019-08-02,176.69,150.68,163.05,92.73,2019,8,2,4,30.5,25.5,28.11666666666667
2019-08-03,172.69,149.49,162.28,86.5,2019,8,3,5,29.9,25.8,27.98958333333334
2019-08-04,175.91,149.38,160.94,86.89,2019,8,4,6,30.4,26.25,28.208333333333332
2019-08-05,233.37,149.81,173.78,90.65,2019,8,5,0,29.65,25.8,27.704166666666666
2019-08-06,230.47,149.56,177.38,92.51,2019,8,6,1,30.549999999999997,26.0,28.23333333333333
2019-08-07,233.62,149.56,181.13,95.82,2019,8,7,2,30.7,26.0,28.441666666666663
2019-08-08,230.02,152.3,181.09,96.54,2019,8,8,3,31.75,27.0,29.518749999999994
2019-08-09,232.85,151.88,179.34,92.95,2019,8,9,4,31.799999999999997,27.65,29.433333333333337
2019-08-10,234.57,149.49,171.37,86.02,2019,8,10,5,30.549999999999997,28.1,29.018749999999997
2019-08-11,171.77,152.26,160.17,84.5,2019,8,11,6,28.450000000000003,27.15,27.706249999999994
2019-08-12,232.21,149.56,174.33,91.15,2019,8,12,0,28.95,27.1,27.700000000000003
2019-08-13,231.05,149.56,174.1,94.01,2019,8,13,1,31.1,25.65,28.697916666666675
2019-08-14,177.13,149.56,164.25,92.76,2019,8,14,2,31.049999999999997,27.2,28.789583333333336
2019-08-15,236.72,149.38,171.91,83.14,2019,8,15,3,29.6,26.05,27.514583333333334
2019-08-16,176.03,149.73,163.58,85.45,2019,8,16,4,30.25,25.2,27.34583333333333
2019-08-17,178.35,149.51,162.44,85.26,2019,8,17,5,29.75,24.6,27.283333333333335
2019-08-18,176.51,149.28,159.75,79.04,2019,8,18,6,28.25,25.6,26.737499999999997
2019-08-19,179.48,148.18,164.33,84.16,2019,8,19,0,28.9,24.25,26.295833333333324
2019-08-20,173.74,149.56,161.4,87.23,2019,8,20,1,29.1,25.25,27.043750000000006
2019-08-21,175.67,150.11,164.1,88.93,2019,8,21,2,29.700000000000003,26.05,27.170833333333345
2019-08-22,177.52,149.56,162.48,89.48,2019,8,22,3,30.05,26.2,27.577083333333334
2019-08-23,174.97,149.56,161.02,84.42,2019,8,23,4,29.35,25.049999999999997,26.781250000000004
2019-08-24,180.8,151.51,161.28,76.74,2019,8,24,5,27.65,25.15,26.141666666666662
2019-08-25,176.11,151.16,160.93,72.08,2019,8,25,6,27.0,21.1,24.51458333333333
2019-08-26,174.93,149.56,162.1,81.03,2019,8,26,0,26.35,22.95,24.808333333333326
2019-08-27,178.22,152.35,161.24,86.55,2019,8,27,1,27.799999999999997,24.4,26.035416666666663
2019-08-28,178.9,151.81,161.82,80.11,2019,8,28,2,26.35,22.1,24.364583333333332
2019-08-29,172.24,151.45,163.09,73.5,2019,8,29,3,23.15,21.2,22.189583333333335
2019-08-30,174.11,149.56,165.24,73.48,2019,8,30,4,27.8,22.3,24.691666666666666
2019-08-31,176.95,151.12,161.38,72.24,2019,8,31,5,27.700000000000003,20.4,24.160416666666666
2019-09-01,185.02,162.75,168.05,68.53,2019,9,1,6,25.05,20.950000000000003,22.981250000000006
2019-09-02,190.04,161.59,169.32,77.45,2019,9,2,0,26.85,21.9,24.506249999999998
2019-09-03,186.95,159.49,169.06,77.69,2019,9,3,1,26.65,23.4,24.79166666666666
2019-09-04,226.51,159.32,180.7,75.84,2019,9,4,2,25.95,22.799999999999997,24.572916666666668
2019-09-05,219.42,156.8,181.7,79.59,2019,9,5,3,28.15,24.15,25.929166666666664
2019-09-06,187.07,160.34,173.46,78.08,2019,9,6,4,27.700000000000003,25.15,26.302083333333332
2019-09-07,190.6,159.16,166.85,73.42,2019,9,7,5,27.1,24.25,25.93541666666667
2019-09-08,181.68,159.35,167.43,71.04,2019,9,8,6,25.25,23.049999999999997,23.90833333333333
2019-09-09,187.5,160.15,167.3,80.2,2019,9,9,0,28.5,24.0,25.868749999999995
2019-09-10,191.13,157.37,166.34,80.41,2019,9,10,1,28.5,24.85,26.37708333333333
2019-09-11,174.33,161.79,164.68,79.41,2019,9,11,2,28.25,24.25,26.310416666666672
2019-09-12,190.1,156.47,165.9,67.16,2019,9,12,3,25.65,23.2,24.45416666666667
2019-09-13,171.49,153.09,163.48,62.04,2019,9,13,4,26.549999999999997,22.25,24.02083333333334
2019-09-14,186.38,159.41,168.55,67.73,2019,9,14,5,26.65,21.25,24.204166666666666
2019-09-15,190.17,156.59,166.6,71.33,2019,9,15,6,26.5,22.6,24.67916666666667
2019-09-16,172.59,159.69,168.8,74.87,2019,9,16,0,26.700000000000003,23.200000000000003,24.462499999999995
2019-09-17,174.29,158.95,167.1,71.66,2019,9,17,1,25.4,22.1,23.78958333333333
2019-09-18,174.09,160.95,167.77,71.15,2019,9,18,2,26.950000000000003,20.450000000000003,23.391666666666666
2019-09-19,177.83,161.62,167.11,69.44,2019,9,19,3,25.7,19.45,22.68541666666667
2019-09-20,173.29,159.28,167.03,68.76,2019,9,20,4,25.55,20.55,22.74166666666667
2019-09-21,177.19,81.92,158.94,64.56,2019,9,21,5,21.6,19.15,20.625
2019-09-22,183.06,77.57,164.08,61.41,2019,9,22,6,21.55,20.1,20.7375
2019-09-23,182.41,160.99,168.43,65.95,2019,9,23,0,23.05,19.4,20.914583333333336
2019-09-24,184.92,154.21,167.83,66.15,2019,9,24,1,24.1,17.1,20.349999999999998
2019-09-25,175.83,159.41,166.66,66.81,2019,9,25,2,24.75,18.6,21.37291666666667
2019-09-26,181.86,160.17,167.82,69.96,2019,9,26,3,26.75,21.35,23.743749999999995
2019-09-27,183.07,81.88,161.72,72.16,2019,9,27,4,25.2,22.85,23.879166666666666
2019-09-28,185.84,161.22,167.86,73.89,2019,9,28,5,26.85,23.0,24.668750000000003
2019-09-29,174.42,78.32,161.98,72.28,2019,9,29,6,26.4,23.049999999999997,24.102083333333336
2019-09-30,175.87,160.56,167.6,75.9,2019,9,30,0,26.1,22.3,23.86041666666667
2019-10-01,182.38,163.9,170.75,73.51,2019,10,1,1,25.4,20.65,23.579166666666666
2019-10-02,178.01,161.01,168.01,69.56,2019,10,2,2,26.55,20.8,23.964583333333337
2019-10-03,187.58,117.52,166.95,66.38,2019,10,3,3,25.35,22.1,23.46666666666667
2019-10-04,173.84,161.81,168.94,69.97,2019,10,4,4,26.75,21.05,23.202083333333334
2019-10-05,180.4,132.45,169.4,64.88,2019,10,5,5,23.1,19.0,21.100000000000005
2019-10-06,186.57,161.1,170.99,64.26,2019,10,6,6,23.85,17.5,20.760416666666664
2019-10-07,180.1,127.61,164.39,66.39,2019,10,7,0,23.55,20.1,21.610416666666666
2019-10-08,185.03,134.41,170.77,64.88,2019,10,8,1,22.65,18.0,20.385416666666668
2019-10-09,182.27,132.05,168.72,64.59,2019,10,9,2,20.75,14.5,17.695833333333333
2019-10-10,182.04,131.77,166.69,66.82,2019,10,10,3,22.75,14.1,18.63958333333333
2019-10-11,182.74,119.81,158.37,64.73,2019,10,11,4,23.85,17.4,20.81041666666667
2019-10-12,176.53,165.64,172.52,64.23,2019,10,12,5,23.8,19.3,21.3875
2019-10-13,175.61,157.5,166.51,62.4,2019,10,13,6,21.9,17.6,19.829166666666662
2019-10-14,188.13,90.93,161.0,65.2,2019,10,14,0,21.85,16.6,18.970833333333335
2019-10-15,183.96,130.22,166.74,66.77,2019,10,15,1,19.25,15.5,17.491666666666667
2019-10-16,183.64,128.26,166.46,66.3,2019,10,16,2,21.1,16.05,18.087500000000002
2019-10-17,191.62,92.47,163.73,66.72,2019,10,17,3,21.200000000000003,15.7,18.706249999999997
2019-10-18,191.92,85.84,162.1,66.04,2019,10,18,4,20.1,18.299999999999997,19.154166666666665
2019-10-19,193.91,62.04,146.69,63.52,2019,10,19,5,22.2,18.1,19.691666666666666
2019-10-20,188.88,59.26,161.69,63.34,2019,10,20,6,21.55,16.3,18.991666666666667
2019-10-21,192.63,92.27,158.68,66.09,2019,10,21,0,22.05,17.35,19.64791666666667
2019-10-22,192.62,93.25,162.16,66.56,2019,10,22,1,21.25,17.55,19.922916666666662
2019-10-23,187.32,92.76,150.39,67.47,2019,10,23,2,22.2,19.35,20.35208333333333
2019-10-24,187.6,92.8,154.91,66.48,2019,10,24,3,21.4,18.75,19.879166666666666
2019-10-25,180.79,92.81,160.69,66.85,2019,10,25,4,23.2,16.85,19.766666666666666
2019-10-26,183.74,96.28,140.82,64.51,2019,10,26,5,18.799999999999997,15.399999999999999,16.522916666666664
2019-10-27,184.84,96.38,148.24,63.31,2019,10,27,6,17.75,14.45,15.820833333333331
2019-10-28,192.42,97.54,157.74,67.14,2019,10,28,0,19.0,13.0,15.774999999999999
2019-10-29,188.74,131.63,165.8,66.97,2019,10,29,1,20.25,15.100000000000001,17.43541666666667
2019-10-30,190.44,103.54,145.03,67.02,2019,10,30,2,18.75,14.399999999999999,16.075
2019-10-31,182.03,103.54,155.29,67.3,2019,10,31,3,20.75,12.9,16.408333333333335
2019-11-01,181.95,77.18,154.36,67.0,2019,11,1,4,22.2,15.05,18.033333333333335
2019-11-02,180.73,63.77,150.42,63.8,2019,11,2,5,22.35,15.950000000000001,18.810416666666665
2019-11-03,181.26,58.68,132.54,65.09,2019,11,3,6,19.55,16.25,17.749999999999996
2019-11-04,180.31,77.45,154.57,67.49,2019,11,4,0,20.1,15.05,17.283333333333328
2019-11-05,177.61,91.75,162.17,65.46,2019,11,5,1,19.45,15.100000000000001,17.04166666666666
2019-11-06,180.59,158.45,166.34,66.55,2019,11,6,2,18.85,13.45,15.897916666666665
2019-11-07,181.83,162.21,167.18,69.32,2019,11,7,3,18.1,13.55,15.820833333333335
2019-11-08,177.69,91.85,164.59,67.85,2019,11,8,4,15.600000000000001,12.55,13.614583333333334
2019-11-09,183.51,92.65,158.2,65.51,2019,11,9,5,17.6,12.45,14.372916666666669
2019-11-10,182.71,89.23,153.95,65.53,2019,11,10,6,18.3,11.65,15.525
2019-11-11,179.89,90.34,162.04,70.77,2019,11,11,0,19.0,14.600000000000001,16.76875
2019-11-12,185.96,90.34,157.91,67.18,2019,11,12,1,17.15,12.25,14.731250000000003
2019-11-13,182.91,89.22,132.13,68.44,2019,11,13,2,18.5,12.3,15.347916666666665
2019-11-14,176.15,90.34,139.1,71.15,2019,11,14,3,14.55,8.5,11.397916666666667
2019-11-15,171.65,151.17,163.85,71.25,2019,11,15,4,16.299999999999997,7.7,11.968750000000002
2019-11-16,171.89,157.82,165.92,65.56,2019,11,16,5,20.85,12.4,16.133333333333336
2019-11-17,178.36,139.52,162.87,65.14,2019,11,17,6,22.950000000000003,16.7,20.67291666666667
2019-11-18,170.04,156.79,165.05,70.87,2019,11,18,0,21.450000000000003,11.3,14.445833333333335
2019-11-19,169.71,84.82,161.75,75.21,2019,11,19,1,11.25,9.2,10.310416666666665
2019-11-20,179.72,84.6,162.0,73.61,2019,11,20,2,11.25,8.100000000000001,9.779166666666667
2019-11-21,179.01,84.58,149.04,71.39,2019,11,21,3,16.85,7.85,12.85
2019-11-22,174.09,81.01,153.25,68.99,2019,11,22,4,20.6,13.6,17.133333333333333
2019-11-23,178.21,88.6,136.62,64.85,2019,11,23,5,20.9,15.350000000000001,17.9875
2019-11-24,184.27,89.04,130.44,64.51,2019,11,24,6,19.7,13.8,17.88541666666666
2019-11-25,174.25,75.86,163.62,74.19,2019,11,25,0,13.55,9.149999999999999,10.129166666666666
2019-11-26,166.94,85.96,160.66,72.18,2019,11,26,1,15.45,9.7,13.252083333333333
2019-11-27,172.87,85.52,150.38,77.38,2019,11,27,2,14.5,9.3,11.481250000000001
2019-11-28,175.26,88.6,137.97,75.42,2019,11,28,3,12.3,8.8,10.481250000000003
2019-11-29,178.38,88.6,142.01,76.27,2019,11,29,4,11.65,7.9,9.735416666666667
2019-11-30,173.38,86.22,137.03,68.88,2019,11,30,5,17.1,7.75,12.354166666666666
2019-12-01,185.79,135.81,169.78,68.66,2019,12,1,6,15.3,11.35,12.393749999999999
2019-12-02,185.55,89.08,145.26,78.18,2019,12,2,0,11.7,7.65,9.995833333333332
2019-12-03,194.62,87.79,139.33,78.55,2019,12,3,1,10.2,7.15,8.68125
2019-12-04,192.6,88.23,137.73,78.25,2019,12,4,2,13.25,8.95,10.847916666666668
2019-12-05,195.16,88.23,147.1,83.52,2019,12,5,3,11.3,6.55,8.418750000000001
2019-12-06,197.19,127.92,164.24,84.89,2019,12,6,4,5.949999999999999,3.3499999999999996,4.249999999999999
2019-12-07,199.44,88.23,160.68,80.8,2019,12,7,5,8.9,4.55,6.7875000000000005
2019-12-08,179.37,88.23,151.54,74.76,2019,12,8,6,10.1,7.3999999999999995,8.535416666666665
2019-12-09,176.7,88.23,153.32,80.93,2019,12,9,0,13.85,7.25,10.35
2019-12-10,191.04,88.23,145.43,75.2,2019,12,10,1,17.55,10.7,13.75416666666667
2019-12-11,180.72,88.23,148.62,77.07,2019,12,11,2,17.8,9.7,13.204166666666666
2019-12-12,188.45,88.23,141.82,81.14,2019,12,12,3,9.5,6.15,8.233333333333333
2019-12-13,169.18,88.23,122.79,77.47,2019,12,13,4,13.45,5.35,8.885416666666666
2019-12-14,146.9,88.18,107.72,75.64,2019,12,14,5,11.8,7.5,10.258333333333335
2019-12-15,152.63,87.63,109.63,70.11,2019,12,15,6,16.200000000000003,7.2,12.237500000000002
2019-12-16,196.99,88.23,124.52,73.9,2019,12,16,0,17.2,12.75,14.620833333333332
2019-12-17,145.51,85.65,107.8,73.88,2019,12,17,1,17.6,11.15,14.641666666666664
2019-12-18,146.37,85.57,113.87,80.47,2019,12,18,2,10.65,7.45,8.925000000000002
2019-12-19,146.32,85.56,115.52,81.56,2019,12,19,3,8.6,7.2,7.758333333333333
2019-12-20,197.87,85.44,113.8,80.89,2019,12,20,4,10.7,6.949999999999999,8.24375
2019-12-21,153.66,83.73,104.44,77.5,2019,12,21,5,9.75,6.0,7.985416666666667
2019-12-22,138.02,82.35,99.62,76.96,2019,12,22,6,10.75,7.550000000000001,9.652083333333334
2019-12-23,144.25,85.57,99.13,81.7,2019,12,23,0,11.9,7.3,9.389583333333334
2019-12-24,420.83,84.57,130.21,81.29,2019,12,24,1,11.95,7.15,9.074999999999998
2019-12-25,146.35,85.78,91.86,73.07,2019,12,25,2,15.15,8.399999999999999,11.489583333333334
2019-12-26,148.89,85.61,98.85,82.38,2019,12,26,3,13.25,6.9,10.3125
2019-12-27,204.7,85.47,138.92,84.65,2019,12,27,4,6.95,5.5,6.277083333333334
2019-12-28,143.94,89.84,131.05,80.27,2019,12,28,5,9.95,5.15,7.381249999999999
2019-12-29,151.05,83.58,121.39,72.94,2019,12,29,6,16.299999999999997,7.65,11.745833333333337
2019-12-30,149.26,85.85,111.14,77.65,2019,12,30,0,13.55,6.85,11.806250000000004
2019-12-31,151.84,87.38,121.19,90.01,2019,12,31,1,6.15,2.2,3.079166666666667
2020-01-01,154.95,84.89,107.36,81.3,2020,1,1,2,6.8,2.5999999999999996,4.812500000000001
2020-01-02,207.32,88.79,120.82,80.69,2020,1,2,3,9.149999999999999,5.65,7.787499999999999
2020-01-03,152.22,88.79,115.41,79.2,2020,1,3,4,11.25,7.5,8.835416666666669
2020-01-04,150.43,79.39,111.94,80.59,2020,1,4,5,11.3,5.8,8.158333333333331
2020-01-05,202.96,88.79,115.54,77.7,2020,1,5,6,11.85,5.35,8.697916666666666
2020-01-06,149.02,88.79,114.33,75.77,2020,1,6,0,17.049999999999997,10.55,14.070833333333335
2020-01-07,90.68,84.99,88.47,73.05,2020,1,7,1,19.2,13.15,17.42083333333333
2020-01-08,90.57,82.55,88.71,86.85,2020,1,8,2,12.7,6.4,8.279166666666667
2020-01-09,152.84,85.83,109.34,86.28,2020,1,9,3,7.55,6.4,7.058333333333334
2020-01-10,204.67,86.89,113.74,81.83,2020,1,10,4,10.55,4.8,7.772916666666667
2020-01-11,150.12,79.37,109.24,81.19,2020,1,11,5,8.4,6.75,7.96875
2020-01-12,131.37,79.63,95.92,83.29,2020,1,12,6,7.9,6.15,7.1875
2020-01-13,201.08,88.79,131.02,87.61,2020,1,13,0,8.399999999999999,5.95,6.752083333333335
2020-01-14,155.69,86.72,107.74,93.73,2020,1,14,1,5.85,3.5,4.479166666666667
2020-01-15,204.29,86.9,114.96,91.51,2020,1,15,2,7.0,4.35,5.441666666666667
2020-01-16,211.86,87.06,123.36,88.81,2020,1,16,3,7.5,4.65,5.966666666666665
2020-01-17,154.99,86.9,106.64,91.36,2020,1,17,4,8.05,5.8,6.772916666666666
2020-01-18,151.04,81.22,106.0,87.43,2020,1,18,5,7.95,5.449999999999999,6.558333333333334
2020-01-19,155.32,84.92,106.77,83.52,2020,1,19,6,9.35,5.85,7.954166666666667
2020-01-20,152.78,86.49,112.4,88.97,2020,1,20,0,10.25,6.4,8.191666666666668
2020-01-21,208.76,87.15,123.61,86.26,2020,1,21,1,9.55,4.85,7.104166666666667
2020-01-22,207.03,87.11,126.0,83.08,2020,1,22,2,13.35,8.55,11.097916666666665
2020-01-23,152.37,86.49,111.6,75.65,2020,1,23,3,13.1,10.399999999999999,11.410416666666668
2020-01-24,152.68,72.64,95.86,71.58,2020,1,24,4,12.7,9.35,11.049999999999999
2020-01-25,155.46,85.94,99.77,70.02,2020,1,25,5,13.9,9.7,12.127083333333333
2020-01-26,92.32,72.64,88.38,72.42,2020,1,26,6,12.600000000000001,10.55,11.514583333333333
2020-01-27,154.46,78.95,94.07,76.64,2020,1,27,0,10.8,8.1,9.720833333333333
2020-01-28,156.57,84.8,103.05,80.25,2020,1,28,1,11.0,8.25,9.470833333333333
2020-01-29,154.78,86.99,109.21,82.9,2020,1,29,2,10.850000000000001,7.8,9.031250000000002
2020-01-30,203.15,84.87,112.85,84.85,2020,1,30,3,9.5,6.2,7.708333333333336
2020-01-31,205.89,84.8,117.22,86.06,2020,1,31,4,8.05,6.05,6.804166666666666
