date,smp_max,smp_min,smp_mean,supply,month,day,dayofweek,temp_max,temp_min,temp_mean
2018-02-01,150.65,116.84,132.71,87.47,2,1,3,6.2,3.4,4.683333333333334
2018-02-02,163.86,116.84,134.19,86.64,2,2,4,5.5,2.2,3.6624999999999996
2018-02-03,164.07,116.85,131.39,88.28,2,3,5,4.9,-0.6,1.6541666666666668
2018-02-04,171.0,115.76,131.89,86.14,2,4,6,0.2,-1.7,-0.7041666666666667
2018-02-05,170.34,123.89,137.96,90.63,2,5,0,2.3,-1.2,0.29583333333333334
2018-02-06,167.99,119.11,140.06,91.18,2,6,1,0.2,-1.7,-0.6666666666666666
2018-02-07,141.07,124.11,132.76,90.09,2,7,2,1.8,-0.4,0.5833333333333334
2018-02-08,147.42,116.84,132.91,87.57,2,8,3,6.1,-0.7,2.45
2018-02-09,150.7,116.84,126.95,81.63,2,9,4,10.1,1.5,5.579166666666667
2018-02-10,147.2,116.34,130.1,83.0,2,10,5,7.4,3.3,6.1499999999999995
2018-02-11,149.81,116.91,127.0,82.75,2,11,6,5.0,1.3,2.791666666666666
2018-02-12,167.78,124.68,138.91,89.2,2,12,0,3.9,0.8,2.654166666666667
2018-02-13,146.75,126.95,132.89,85.22,2,13,1,8.3,3.1,5.008333333333334
2018-02-14,168.73,116.84,132.9,75.44,2,14,2,14.8,2.7,9.2125
2018-02-15,142.71,116.62,129.99,74.21,2,15,3,10.5,5.2,7.520833333333331
2018-02-16,137.18,51.12,121.13,74.96,2,16,4,7.9,3.9,6.024999999999999
2018-02-17,152.5,107.61,126.44,78.31,2,17,5,6.4,2.8,4.695833333333334
2018-02-18,148.28,116.91,130.39,73.8,2,18,6,10.0,2.0,6.337500000000001
2018-02-19,151.67,116.84,133.35,77.87,2,19,0,10.3,5.6,8.258333333333331
2018-02-20,145.99,115.16,125.54,76.98,2,20,1,11.4,4.8,8.3375
2018-02-21,167.06,116.84,134.82,81.87,2,21,2,7.5,4.3,5.741666666666668
2018-02-22,165.91,116.84,134.31,84.73,2,22,3,7.3,3.5,5.070833333333333
2018-02-23,143.44,116.84,128.36,80.26,2,23,4,12.7,3.4,8.475
2018-02-24,148.34,116.63,125.61,73.9,2,24,5,13.1,5.4,9.200000000000001
2018-02-25,144.2,116.36,126.36,74.19,2,25,6,12.5,7.7,10.008333333333335
2018-02-26,146.47,116.84,131.38,78.89,2,26,0,11.6,4.4,8.058333333333334
2018-02-27,171.36,116.55,129.76,74.89,2,27,1,14.0,6.0,10.124999999999998
2018-02-28,165.98,115.09,130.85,78.61,2,28,2,16.9,6.9,11.262500000000001
2018-03-01,181.14,119.65,134.24,80.59,3,1,3,10.4,3.4,7.029166666666668
2018-03-02,175.15,120.62,138.56,78.97,3,2,4,8.1,2.9,5.458333333333333
2018-03-03,180.97,113.75,133.78,73.19,3,3,5,19.0,6.2,11.708333333333334
2018-03-04,154.19,94.96,128.29,65.1,3,4,6,22.9,11.0,16.34583333333333
2018-03-05,180.0,119.48,135.75,76.46,3,5,0,21.8,8.4,11.533333333333333
2018-03-06,181.06,120.72,134.07,76.67,3,6,1,10.7,8.3,9.379166666666668
2018-03-07,180.18,120.76,132.96,77.36,3,7,2,11.4,8.7,10.054166666666669
2018-03-08,148.79,120.44,128.11,80.75,3,8,3,8.5,5.3,7.095833333333332
2018-03-09,155.29,120.62,137.74,79.37,3,9,4,7.6,4.3,5.633333333333333
2018-03-10,156.42,120.74,130.04,77.53,3,10,5,10.9,4.3,7.9125000000000005
2018-03-11,130.54,111.14,124.04,73.95,3,11,6,11.1,5.2,8.533333333333333
2018-03-12,130.55,120.47,124.43,74.94,3,12,0,14.6,7.0,10.979166666666666
2018-03-13,128.39,119.18,123.89,70.51,3,13,1,18.7,10.0,14.316666666666665
2018-03-14,133.16,116.65,125.3,67.13,3,14,2,19.7,12.6,16.370833333333334
2018-03-15,151.53,99.61,132.88,68.89,3,15,3,21.2,12.7,17.4125
2018-03-16,157.06,112.95,131.0,76.17,3,16,4,12.1,8.9,9.729166666666666
2018-03-17,178.47,119.61,143.32,73.2,3,17,5,13.3,7.3,9.820833333333335
2018-03-18,155.53,119.1,133.31,66.22,3,18,6,20.7,8.0,14.475
2018-03-19,157.0,108.57,131.33,76.3,3,19,0,16.1,10.3,13.154166666666663
2018-03-20,153.61,118.81,130.42,80.96,3,20,1,10.2,6.6,8.654166666666667
2018-03-21,145.02,118.38,134.24,80.62,3,21,2,6.5,4.3,5.429166666666667
2018-03-22,150.24,120.23,135.83,80.24,3,22,3,10.0,5.3,7.245833333333334
2018-03-23,155.68,120.5,132.32,78.27,3,23,4,11.5,4.6,8.262500000000001
2018-03-24,157.11,116.8,129.99,72.59,3,24,5,16.0,8.2,12.091666666666667
2018-03-25,159.98,114.86,127.22,69.3,3,25,6,16.3,9.6,13.187500000000005
2018-03-26,155.42,119.19,129.68,71.81,3,26,0,16.5,10.2,13.349999999999996
2018-03-27,147.7,120.46,125.03,72.05,3,27,1,19.1,10.5,14.479166666666666
2018-03-28,145.45,115.13,129.51,69.04,3,28,2,18.6,9.7,14.679166666666665
2018-03-29,170.18,110.7,136.7,68.56,3,29,3,18.6,12.3,15.441666666666668
2018-03-30,179.64,113.85,133.94,68.84,3,30,4,18.2,13.6,15.383333333333338
2018-03-31,173.16,114.06,135.34,66.5,3,31,5,20.6,13.3,16.666666666666668
2018-04-01,152.84,117.78,129.73,62.66,4,1,6,20.3,15.4,17.945833333333336
2018-04-02,147.17,114.6,128.9,64.46,4,2,0,20.3,15.4,17.9125
2018-04-03,146.47,112.57,128.96,63.96,4,3,1,20.3,15.5,17.67083333333333
2018-04-04,146.15,115.72,128.51,64.09,4,4,2,20.2,15.9,17.9875
2018-04-05,157.0,119.59,128.94,66.18,4,5,3,21.1,14.6,17.545833333333334
2018-04-06,146.8,112.89,128.48,73.82,4,6,4,18.2,8.9,12.087499999999999
2018-04-07,140.68,104.62,130.96,77.14,4,7,5,9.5,6.0,7.758333333333333
2018-04-08,138.56,109.54,132.52,72.41,4,8,6,15.9,7.2,11.925000000000002
2018-04-09,153.33,117.05,130.04,71.3,4,9,0,16.0,12.8,14.483333333333334
2018-04-10,148.9,112.26,127.17,65.32,4,10,1,22.0,12.7,17.762500000000006
2018-04-11,132.11,87.0,123.6,67.31,4,11,2,21.1,14.9,17.975
2018-04-12,149.94,88.3,122.15,65.96,4,12,3,23.3,13.5,16.770833333333332
2018-04-13,151.95,88.55,127.18,66.34,4,13,4,19.4,14.8,16.5125
2018-04-14,156.29,87.24,118.1,66.9,4,14,5,22.6,10.3,15.433333333333332
2018-04-15,139.97,87.93,118.32,70.95,4,15,6,15.7,9.8,12.033333333333333
2018-04-16,143.54,120.21,126.7,69.32,4,16,0,14.1,8.6,11.916666666666666
2018-04-17,152.17,109.58,128.95,70.04,4,17,1,16.4,13.0,14.570833333333331
2018-04-18,153.92,110.44,129.06,71.89,4,18,2,16.8,10.9,13.795833333333333
2018-04-19,147.36,120.72,131.39,70.51,4,19,3,19.3,9.5,14.787500000000003
2018-04-20,146.85,110.57,126.6,69.56,4,20,4,20.0,12.4,16.395833333333332
2018-04-21,150.95,118.85,129.26,64.28,4,21,5,19.4,13.5,17.125000000000004
2018-04-22,131.25,120.8,126.33,62.76,4,22,6,23.1,18.2,20.279166666666665
2018-04-23,150.47,88.78,130.0,66.84,4,23,0,21.5,16.2,18.85
2018-04-24,150.78,109.58,130.2,67.67,4,24,1,16.4,13.8,14.91666666666667
2018-04-25,151.08,108.77,130.26,71.06,4,25,2,17.7,13.1,14.770833333333334
2018-04-26,158.91,116.02,130.28,68.0,4,26,3,18.7,12.3,15.395833333333336
2018-04-27,145.25,119.45,128.72,66.32,4,27,4,20.5,13.6,16.570833333333336
2018-04-28,137.28,118.77,126.08,63.86,4,28,5,19.3,13.4,16.312499999999996
2018-04-29,133.41,117.94,126.07,61.98,4,29,6,18.6,14.9,17.087500000000002
2018-04-30,132.7,120.22,125.65,63.19,4,30,0,25.0,17.6,20.620833333333326
2018-05-01,129.84,117.09,124.66,63.46,5,1,1,24.9,16.6,20.55
2018-05-02,131.69,120.27,124.41,66.53,5,2,2,23.9,13.6,18.120833333333337
2018-05-03,177.3,115.01,125.97,67.86,5,3,3,18.6,12.8,15.266666666666666
2018-05-04,131.18,120.44,125.36,67.22,5,4,4,19.7,12.4,16.062499999999996
2018-05-05,133.71,114.07,125.65,61.13,5,5,5,22.3,14.2,18.929166666666667
2018-05-06,129.22,80.38,120.98,61.55,5,6,6,23.4,17.9,20.22083333333333
2018-05-07,131.68,114.16,124.83,62.69,5,7,0,18.1,15.6,16.920833333333334
2018-05-08,149.58,109.5,128.58,64.51,5,8,1,17.9,14.9,16.133333333333336
2018-05-09,152.16,112.58,128.99,64.78,5,9,2,17.7,14.1,15.583333333333329
2018-05-10,150.52,113.47,127.54,66.11,5,10,3,18.3,14.0,15.954166666666666
2018-05-11,153.79,110.78,127.95,61.16,5,11,4,21.3,12.2,17.40833333333333
2018-05-12,130.36,113.91,124.47,60.43,5,12,5,24.4,19.2,21.774999999999995
2018-05-13,152.86,80.7,122.69,60.61,5,13,6,21.5,15.0,17.608333333333334
2018-05-14,148.5,116.85,129.57,63.13,5,14,0,22.4,15.1,18.554166666666664
2018-05-15,153.76,118.78,128.76,63.72,5,15,1,26.2,18.1,21.5625
2018-05-16,151.16,115.85,128.5,67.37,5,16,2,28.9,21.5,24.91666666666667
2018-05-17,153.96,115.02,127.86,69.54,5,17,3,29.2,23.0,25.6125
2018-05-18,153.75,114.09,131.27,66.97,5,18,4,27.1,17.3,22.83333333333333
2018-05-19,155.13,81.54,126.92,61.92,5,19,5,17.6,15.7,16.6375
2018-05-20,138.67,66.54,105.71,61.66,5,20,6,17.7,15.3,16.45
2018-05-21,146.78,123.53,130.97,62.49,5,21,0,19.5,15.7,17.437499999999996
2018-05-22,145.06,120.31,133.14,60.36,5,22,1,26.4,16.9,20.63333333333333
2018-05-23,175.9,120.08,137.1,64.34,5,23,2,22.1,16.2,18.21666666666667
2018-05-24,171.88,120.35,145.74,62.93,5,24,3,23.6,14.5,18.979166666666668
2018-05-25,174.17,120.68,134.43,62.86,5,25,4,23.2,18.0,20.141666666666662
2018-05-26,136.67,124.32,129.48,62.04,5,26,5,22.9,14.9,18.395833333333332
2018-05-27,176.45,122.58,135.18,61.61,5,27,6,22.4,17.0,19.287499999999994
2018-05-28,175.69,123.11,133.92,64.45,5,28,0,23.5,17.8,19.958333333333336
2018-05-29,171.07,124.93,138.52,64.45,5,29,1,25.5,19.1,21.09166666666667
2018-05-30,173.67,124.33,140.81,65.18,5,30,2,23.5,18.9,21.087499999999995
2018-05-31,176.69,124.97,132.31,62.62,5,31,3,21.6,17.1,19.02916666666666
2018-06-01,152.46,135.39,144.78,63.87,6,1,4,23.1,16.3,19.899999999999995
2018-06-02,170.78,126.35,134.85,62.74,6,2,5,24.8,19.6,21.958333333333332
2018-06-03,164.63,126.47,134.25,61.77,6,3,6,23.3,20.5,21.72083333333333
2018-06-04,166.75,126.21,141.64,64.6,6,4,0,25.4,19.7,22.412499999999998
2018-06-05,189.63,126.82,140.21,64.38,6,5,1,22.6,19.2,20.0375
2018-06-06,164.94,127.09,134.7,62.86,6,6,2,22.3,18.9,20.595833333333335
2018-06-07,188.69,112.67,145.34,64.56,6,7,3,23.7,19.1,21.387500000000003
2018-06-08,150.57,135.01,140.51,63.89,6,8,4,22.9,19.2,20.816666666666663
2018-06-09,148.49,111.48,141.16,61.33,6,9,5,26.4,19.0,22.100000000000005
2018-06-10,189.58,112.71,142.21,60.38,6,10,6,20.8,18.9,20.04583333333333
2018-06-11,189.93,130.94,144.93,63.24,6,11,0,21.4,18.0,19.420833333333334
2018-06-12,148.51,133.21,142.29,63.02,6,12,1,23.6,18.9,21.070833333333336
2018-06-13,151.1,133.15,140.6,62.43,6,13,2,28.2,17.9,21.891666666666666
2018-06-14,166.13,130.71,144.33,64.73,6,14,3,25.1,19.8,22.09583333333333
2018-06-15,158.7,127.22,135.96,63.37,6,15,4,23.5,19.3,21.320833333333333
2018-06-16,163.96,127.74,135.25,61.36,6,16,5,22.5,18.4,20.241666666666667
2018-06-17,164.8,127.43,139.19,61.55,6,17,6,24.2,18.9,20.79583333333333
2018-06-18,162.71,126.58,140.62,65.28,6,18,0,23.6,19.6,21.754166666666663
2018-06-19,154.82,110.71,141.52,66.21,6,19,1,23.4,20.0,22.09583333333333
2018-06-20,160.69,85.85,140.43,66.29,6,20,2,24.3,19.7,21.845833333333328
2018-06-21,159.66,126.09,146.03,67.61,6,21,3,26.6,20.3,22.491666666666664
2018-06-22,163.85,130.62,144.27,67.33,6,22,4,25.2,20.4,22.86666666666667
2018-06-23,162.2,125.93,136.96,63.98,6,23,5,24.5,20.1,22.429166666666664
2018-06-24,163.81,126.45,137.05,64.67,6,24,6,26.7,20.8,23.879166666666663
2018-06-25,158.12,126.14,143.37,69.63,6,25,0,26.6,21.4,23.89166666666667
2018-06-26,149.9,126.02,141.39,77.04,6,26,1,31.8,24.3,28.02916666666667
2018-06-27,150.95,126.45,142.24,74.48,6,27,2,28.8,24.6,26.525000000000002
2018-06-28,151.13,125.29,139.11,74.48,6,28,3,28.3,23.6,25.662500000000005
2018-06-29,170.55,126.22,138.47,73.4,6,29,4,28.3,23.5,25.220833333333335
2018-06-30,186.8,87.17,135.26,66.93,6,30,5,26.0,22.4,23.95
2018-07-01,189.6,124.2,153.22,68.48,7,1,6,30.0,22.7,27.05416666666666
2018-07-02,181.67,122.39,148.69,74.89,7,2,0,31.2,24.4,27.11666666666667
2018-07-03,149.19,130.93,143.05,69.55,7,3,1,25.1,22.9,24.13333333333333
2018-07-04,148.23,123.28,142.34,75.19,7,4,2,29.1,24.2,26.16666666666666
2018-07-05,157.89,69.48,132.74,74.46,7,5,3,26.3,23.6,24.82083333333334
2018-07-06,153.99,67.72,139.86,71.7,7,6,4,24.0,21.8,22.766666666666666
2018-07-07,181.92,68.51,145.15,63.2,7,7,5,22.3,20.7,21.445833333333336
2018-07-08,153.47,59.88,130.17,63.0,7,8,6,22.4,19.6,20.762500000000003
2018-07-09,161.81,56.97,132.78,73.64,7,9,0,28.3,21.1,24.2625
2018-07-10,172.55,131.08,153.14,78.7,7,10,1,32.2,24.7,27.974999999999998
2018-07-11,175.15,127.66,153.37,82.91,7,11,2,34.3,28.1,30.233333333333334
2018-07-12,195.16,138.39,157.29,83.64,7,12,3,29.9,26.1,27.8875
2018-07-13,162.81,146.84,154.04,82.69,7,13,4,29.1,25.4,26.837500000000002
2018-07-14,187.16,138.4,157.14,78.97,7,14,5,29.5,24.8,26.841666666666665
2018-07-15,180.81,124.78,148.33,78.25,7,15,6,29.6,24.6,27.037499999999994
2018-07-16,173.55,126.72,154.81,85.44,7,16,0,29.1,24.8,27.05416666666667
2018-07-17,187.65,134.21,159.18,85.99,7,17,1,29.4,24.9,27.133333333333326
2018-07-18,196.0,122.9,155.71,85.51,7,18,2,29.8,25.6,27.700000000000003
2018-07-19,192.66,137.96,158.08,86.7,7,19,3,30.4,25.0,27.712500000000002
2018-07-20,237.49,138.49,164.65,88.53,7,20,4,31.3,25.9,28.80416666666667
2018-07-21,188.67,137.9,156.28,84.71,7,21,5,33.8,25.8,28.737499999999997
2018-07-22,188.06,137.65,153.98,79.81,7,22,6,30.0,28.2,29.308333333333334
2018-07-23,194.48,138.01,164.75,90.07,7,23,0,33.3,27.3,30.075
2018-07-24,191.64,138.41,160.71,89.97,7,24,1,31.1,27.7,29.3125
2018-07-25,193.35,138.39,158.57,92.74,7,25,2,31.5,27.8,29.329166666666666
2018-07-26,193.89,141.27,160.8,92.05,7,26,3,31.3,27.5,29.104166666666657
2018-07-27,190.02,138.48,161.61,93.11,7,27,4,31.9,27.5,29.25
2018-07-28,193.6,137.79,155.69,88.82,7,28,5,30.8,27.5,29.0
2018-07-29,195.26,136.9,154.16,86.99,7,29,6,32.5,27.3,29.20416666666667
2018-07-30,183.46,130.52,157.47,88.39,7,30,0,30.9,28.1,29.00833333333334
2018-07-31,189.61,138.33,161.64,89.98,7,31,1,31.5,26.5,28.704166666666662
2018-08-01,191.07,141.6,162.28,92.4,8,1,2,32.3,26.3,29.11666666666666
2018-08-02,192.35,141.75,162.43,92.27,8,2,3,31.0,26.8,28.975000000000005
2018-08-03,189.78,141.77,161.79,89.04,8,3,4,33.4,28.2,29.937499999999996
2018-08-04,195.55,142.01,162.27,88.3,8,4,5,31.6,27.8,29.566666666666666
2018-08-05,188.12,141.66,157.76,87.44,8,5,6,33.3,27.5,29.974999999999998
2018-08-06,182.5,140.03,166.06,94.94,8,6,0,32.0,28.2,29.854166666666668
2018-08-07,194.44,141.77,159.01,94.05,8,7,1,31.5,28.0,29.612499999999994
2018-08-08,192.27,141.81,166.09,93.7,8,8,2,31.4,26.9,29.137500000000003
2018-08-09,183.46,141.77,166.85,93.81,8,9,3,32.4,27.6,29.537499999999998
2018-08-10,195.84,141.77,163.26,94.18,8,10,4,32.1,27.5,29.829166666666666
2018-08-11,195.58,141.87,159.61,86.47,8,11,5,31.9,27.9,29.075000000000006
2018-08-12,172.46,141.67,156.64,85.67,8,12,6,32.6,26.1,29.720833333333335
2018-08-13,190.77,136.36,166.37,94.15,8,13,0,33.8,28.8,31.04583333333333
2018-08-14,193.17,141.77,164.43,94.66,8,14,1,34.4,29.0,31.429166666666664
2018-08-15,194.22,141.68,163.58,90.4,8,15,2,32.4,27.9,29.762500000000003
2018-08-16,195.4,141.45,159.37,85.75,8,16,3,28.8,26.5,27.833333333333332
2018-08-17,195.1,141.81,159.15,76.87,8,17,4,28.0,24.6,26.212500000000002
2018-08-18,180.96,142.06,157.84,75.66,8,18,5,30.0,24.5,26.550000000000008
2018-08-19,188.58,141.97,150.05,78.31,8,19,6,32.2,24.8,28.075
2018-08-20,193.76,140.67,160.14,85.18,8,20,0,31.8,27.5,29.166666666666675
2018-08-21,178.02,139.98,156.51,85.92,8,21,1,30.2,25.1,28.066666666666663
2018-08-22,180.84,140.76,151.56,84.2,8,22,2,29.7,26.2,28.050000000000008
2018-08-23,186.53,133.68,154.32,71.37,8,23,3,28.5,25.7,26.554166666666664
2018-08-24,182.2,136.66,161.45,78.36,8,24,4,29.4,25.0,27.049999999999997
2018-08-25,152.62,140.98,146.93,77.62,8,25,5,30.5,24.9,26.71666666666667
2018-08-26,181.71,140.6,152.21,77.68,8,26,6,31.6,26.1,28.399999999999995
2018-08-27,174.47,140.21,158.96,86.16,8,27,0,31.2,26.5,28.487499999999994
2018-08-28,188.05,137.36,160.68,85.52,8,28,1,30.0,26.2,27.804166666666664
2018-08-29,182.67,133.71,160.84,85.31,8,29,2,33.5,25.4,28.40416666666667
2018-08-30,174.29,134.14,159.08,87.98,8,30,3,34.4,26.0,29.000000000000004
2018-08-31,173.88,130.84,157.16,87.9,8,31,4,33.0,26.6,29.862499999999994
2018-09-01,191.98,138.09,159.37,77.7,9,1,5,28.9,23.4,26.20833333333334
2018-09-02,192.16,144.57,160.98,75.6,9,2,6,28.0,22.7,24.850000000000005
2018-09-03,184.94,146.21,164.31,80.97,9,3,0,30.7,24.3,26.995833333333334
2018-09-04,197.9,144.31,167.35,77.07,9,4,1,28.4,23.7,26.27916666666667
2018-09-05,182.72,142.5,165.95,76.07,9,5,2,30.3,23.4,26.750000000000004
2018-09-06,183.49,145.52,163.21,74.66,9,6,3,28.4,24.6,26.17916666666666
2018-09-07,187.05,143.98,160.74,72.23,9,7,4,26.7,21.2,24.370833333333334
2018-09-08,182.17,146.63,163.1,64.52,9,8,5,24.5,19.9,22.633333333333336
2018-09-09,192.99,134.33,160.6,64.55,9,9,6,26.0,19.3,22.849999999999998
2018-09-10,181.2,142.27,164.46,66.27,9,10,0,24.9,20.5,22.925
2018-09-11,159.39,136.48,153.44,67.07,9,11,1,23.7,21.4,22.25
2018-09-12,161.79,140.2,154.31,70.07,9,12,2,24.7,21.6,22.991666666666664
2018-09-13,182.81,88.82,159.42,69.73,9,13,3,24.2,21.6,23.316666666666666
2018-09-14,164.46,88.86,152.8,73.81,9,14,4,27.4,23.1,25.100000000000005
2018-09-15,202.18,146.58,156.98,71.67,9,15,5,27.5,23.5,25.141666666666666
2018-09-16,192.15,59.25,149.37,70.28,9,16,6,28.1,23.1,25.470833333333342
2018-09-17,165.94,57.35,142.54,71.83,9,17,0,27.2,23.4,24.575
2018-09-18,175.98,136.16,161.28,71.48,9,18,1,27.2,23.4,24.925
2018-09-19,202.38,148.84,164.38,69.06,9,19,2,24.7,21.4,23.299999999999997
2018-09-20,202.36,148.84,168.13,75.67,9,20,3,27.0,22.7,25.3125
2018-09-21,173.15,154.78,163.15,75.01,9,21,4,27.2,23.4,24.541666666666668
2018-09-22,202.69,155.17,168.32,67.86,9,22,5,27.0,22.4,24.42916666666666
2018-09-23,181.03,148.72,166.88,64.43,9,23,6,28.5,21.4,24.2625
2018-09-24,202.45,148.72,159.74,55.95,9,24,0,23.5,19.9,22.13333333333333
2018-09-25,203.75,148.72,163.38,59.69,9,25,1,23.2,19.4,21.40416666666667
2018-09-26,181.36,148.72,165.43,62.48,9,26,2,24.0,20.9,22.28333333333333
2018-09-27,174.3,156.65,164.26,64.55,9,27,3,23.5,18.7,21.204166666666666
2018-09-28,197.92,148.84,172.56,65.37,9,28,4,23.8,19.5,21.5625
2018-09-29,198.46,148.66,169.26,62.83,9,29,5,22.3,18.6,20.787499999999998
2018-09-30,200.6,148.72,162.18,61.44,9,30,6,24.9,20.5,21.98333333333333
2018-10-01,177.51,145.83,162.93,63.94,10,1,0,23.4,20.1,21.200000000000003
2018-10-02,179.15,145.83,160.02,64.02,10,2,1,23.3,18.0,20.874999999999996
2018-10-03,195.92,144.98,156.42,62.83,10,3,2,21.7,16.6,19.195833333333333
2018-10-04,155.12,144.99,149.29,64.79,10,4,3,21.9,18.0,20.154166666666665
2018-10-05,184.71,146.21,156.58,66.22,10,5,4,22.9,20.7,21.349999999999998
2018-10-06,185.08,145.8,156.5,61.61,10,6,5,24.5,19.9,21.508333333333336
2018-10-07,201.46,146.03,151.21,60.22,10,7,6,23.3,18.8,20.733333333333334
2018-10-08,185.02,145.6,156.0,63.3,10,8,0,21.6,17.1,19.25
2018-10-09,186.79,145.86,156.04,63.08,10,9,1,22.2,17.5,20.17083333333333
2018-10-10,186.37,146.26,155.69,63.75,10,10,2,20.2,16.5,18.65416666666667
2018-10-11,183.1,145.68,163.67,63.92,10,11,3,18.2,15.4,16.254166666666666
2018-10-12,182.72,145.83,163.03,63.89,10,12,4,17.7,13.6,15.783333333333333
2018-10-13,153.3,145.78,147.91,62.78,10,13,5,18.3,11.8,15.141666666666666
2018-10-14,201.46,145.25,152.53,62.41,10,14,6,19.7,13.2,17.095833333333335
2018-10-15,191.45,145.81,159.02,64.62,10,15,0,20.2,17.1,18.816666666666666
2018-10-16,173.94,145.14,158.66,65.52,10,16,1,19.3,14.1,16.1375
2018-10-17,180.46,145.86,164.75,64.91,10,17,2,19.7,13.2,16.5125
2018-10-18,182.92,145.83,165.93,65.57,10,18,3,18.4,15.3,16.691666666666666
2018-10-19,180.63,145.83,163.96,64.94,10,19,4,19.2,13.1,16.095833333333328
2018-10-20,186.22,145.25,158.1,63.03,10,20,5,19.8,12.7,16.154166666666665
2018-10-21,182.81,145.15,159.32,61.18,10,21,6,20.2,13.9,16.97083333333333
2018-10-22,196.46,145.73,163.55,65.5,10,22,0,20.3,14.5,17.270833333333332
2018-10-23,201.17,144.86,162.86,64.52,10,23,1,21.3,16.5,18.412499999999998
2018-10-24,175.53,145.42,162.01,64.4,10,24,2,19.0,14.0,16.97083333333333
2018-10-25,173.0,145.83,160.86,64.21,10,25,3,22.5,11.7,16.975
2018-10-26,200.68,145.65,164.69,64.43,10,26,4,21.2,17.2,18.595833333333328
2018-10-27,174.85,145.56,160.75,62.45,10,27,5,17.0,14.5,15.733333333333336
2018-10-28,201.49,145.69,159.61,61.19,10,28,6,20.6,13.2,17.316666666666666
2018-10-29,195.83,145.83,162.77,64.8,10,29,0,21.6,15.3,18.133333333333336
2018-10-30,187.53,145.83,155.85,65.53,10,30,1,16.7,13.6,15.004166666666665
2018-10-31,201.43,146.24,157.79,65.95,10,31,2,16.8,11.8,14.0
2018-11-01,203.85,154.32,168.74,66.26,11,1,3,16.1,11.5,13.487499999999999
2018-11-02,171.9,142.44,161.82,65.76,11,2,4,17.9,9.9,14.054166666666667
2018-11-03,177.65,141.48,163.33,63.87,11,3,5,18.1,11.5,14.949999999999998
2018-11-04,179.9,141.9,165.42,62.7,11,4,6,19.2,12.4,15.279166666666667
2018-11-05,205.86,145.81,168.12,65.79,11,5,0,18.4,10.6,14.837499999999999
2018-11-06,204.17,144.71,168.46,66.14,11,6,1,19.7,13.2,16.279166666666665
2018-11-07,193.55,149.94,161.39,65.59,11,7,2,18.4,16.1,17.241666666666667
2018-11-08,187.11,149.94,160.19,66.9,11,8,3,20.2,15.2,18.012499999999996
2018-11-09,180.57,149.94,163.48,66.77,11,9,4,16.7,11.8,15.133333333333333
2018-11-10,185.79,149.58,166.77,64.49,11,10,5,17.5,9.8,13.44166666666667
2018-11-11,167.48,100.04,152.12,62.92,11,11,6,17.7,10.7,14.408333333333333
2018-11-12,184.04,133.73,165.63,67.05,11,12,0,15.4,13.1,13.9
2018-11-13,185.26,143.01,162.92,67.35,11,13,1,15.5,12.5,13.779166666666669
2018-11-14,190.0,147.26,164.99,68.11,11,14,2,15.6,10.3,13.425000000000002
2018-11-15,182.36,141.48,159.4,66.41,11,15,3,18.6,11.4,15.420833333333334
2018-11-16,171.31,101.11,154.59,67.26,11,16,4,17.1,14.0,15.220833333333333
2018-11-17,172.02,99.67,156.76,66.29,11,17,5,15.1,10.3,12.745833333333337
2018-11-18,166.53,95.48,148.43,66.14,11,18,6,14.2,9.8,12.016666666666666
2018-11-19,161.95,134.92,154.05,69.59,11,19,0,15.2,11.9,13.249999999999998
2018-11-20,163.5,147.68,156.51,70.5,11,20,1,15.4,10.5,12.858333333333334
2018-11-21,160.43,144.61,154.65,69.77,11,21,2,16.7,10.2,13.108333333333333
2018-11-22,169.43,146.41,156.96,73.43,11,22,3,13.3,8.7,10.645833333333332
2018-11-23,206.5,149.07,162.23,73.38,11,23,4,12.3,7.6,9.754166666666665
2018-11-24,177.86,102.11,152.31,67.55,11,24,5,18.8,9.1,13.733333333333334
2018-11-25,183.49,98.81,153.78,66.51,11,25,6,15.5,10.9,13.179166666666667
2018-11-26,165.59,99.82,154.21,69.48,11,26,0,18.1,10.5,14.158333333333333
2018-11-27,163.26,139.53,155.4,69.31,11,27,1,16.3,11.8,13.966666666666669
2018-11-28,204.02,140.26,163.78,71.08,11,28,2,15.6,10.0,13.133333333333335
2018-11-29,204.23,144.53,162.1,70.04,11,29,3,17.2,8.6,12.762500000000001
2018-11-30,185.96,149.17,164.16,69.44,11,30,4,15.9,10.1,13.008333333333331
2018-12-01,189.08,106.18,169.49,67.57,12,1,5,15.6,11.4,13.404166666666669
2018-12-02,193.06,88.98,161.04,64.17,12,2,6,20.4,13.9,17.245833333333334
2018-12-03,196.23,160.5,173.87,67.14,12,3,0,21.7,17.2,18.958333333333332
2018-12-04,194.37,140.39,175.42,70.67,12,4,1,17.4,11.0,14.329166666666664
2018-12-05,196.52,142.83,170.85,73.29,12,5,2,11.1,8.3,9.870833333333334
2018-12-06,219.62,155.96,174.03,75.18,12,6,3,12.3,8.3,9.629166666666666
2018-12-07,216.15,156.96,178.78,81.61,12,7,4,10.3,3.0,5.433333333333333
2018-12-08,217.74,151.6,168.4,80.06,12,8,5,6.1,2.7,4.224999999999999
2018-12-09,195.18,89.28,168.12,78.29,12,9,6,4.6,2.9,3.7500000000000004
2018-12-10,201.14,154.04,176.1,79.78,12,10,0,9.9,4.7,7.145833333333335
2018-12-11,219.71,152.11,170.77,79.03,12,11,1,10.0,7.4,8.904166666666667
2018-12-12,194.73,148.38,175.2,84.42,12,12,2,9.0,5.9,6.7625
2018-12-13,219.21,151.06,174.66,83.11,12,13,3,9.1,6.1,7.841666666666666
2018-12-14,199.22,149.14,173.6,83.54,12,14,4,7.0,4.8,5.800000000000001
2018-12-15,198.86,161.02,173.94,79.37,12,15,5,8.9,2.1,5.874999999999999
2018-12-16,175.56,151.39,166.51,74.17,12,16,6,10.7,6.8,8.883333333333335
2018-12-17,177.14,161.58,166.48,82.0,12,17,0,11.2,9.9,10.454166666666667
2018-12-18,201.05,161.49,172.24,80.85,12,18,1,11.5,8.0,9.750000000000002
2018-12-19,176.76,161.0,167.02,73.9,12,19,2,17.6,8.5,13.470833333333333
2018-12-20,218.66,155.58,168.83,76.57,12,20,3,15.8,11.7,12.745833333333335
2018-12-21,216.32,149.78,173.92,71.74,12,21,4,16.7,12.9,14.487499999999997
2018-12-22,177.75,103.24,163.91,71.11,12,22,5,15.3,11.6,13.22916666666667
2018-12-23,198.5,147.55,170.15,74.77,12,23,6,12.1,7.7,10.1
2018-12-24,214.49,160.5,170.59,80.25,12,24,0,8.0,5.0,6.570833333333333
2018-12-25,191.42,147.53,169.78,74.63,12,25,1,10.0,3.9,7.425000000000002
2018-12-26,205.36,161.71,172.32,80.19,12,26,2,9.5,7.3,8.745833333333334
2018-12-27,208.27,161.88,174.74,89.53,12,27,3,6.8,1.6,2.9625
2018-12-28,214.13,161.88,180.16,90.76,12,28,4,2.9,0.8,2.025
2018-12-29,209.51,152.53,171.66,86.13,12,29,5,3.7,1.8,2.983333333333333
2018-12-30,200.64,159.99,175.13,84.29,12,30,6,3.9,2.1,3.2624999999999997
2018-12-31,211.99,104.37,170.41,85.75,12,31,0,5.2,3.5,4.458333333333333
2019-01-01,168.22,71.64,138.28,81.11,1,1,1,6.6,4.8,5.654166666666665
2019-01-02,192.93,142.55,158.79,90.17,1,2,2,5.9,4.6,5.116666666666666
2019-01-03,183.19,145.41,155.71,87.34,1,3,3,7.7,3.6,5.208333333333333
2019-01-04,175.35,142.88,157.04,85.2,1,4,4,9.9,2.8,5.708333333333332
2019-01-05,164.41,106.06,147.77,83.75,1,5,5,8.7,5.7,6.970833333333331
2019-01-06,192.13,100.08,152.83,82.32,1,6,6,7.4,4.7,5.612500000000001
2019-01-07,193.97,140.41,160.03,85.12,1,7,0,8.2,3.2,5.724999999999999
2019-01-08,190.67,146.52,153.94,88.68,1,8,1,8.2,4.5,6.704166666666666
2019-01-09,193.5,146.75,160.34,88.52,1,9,2,5.8,2.3,4.4208333333333325
2019-01-10,192.45,144.49,161.03,86.79,1,10,3,7.8,5.6,6.766666666666666
2019-01-11,192.51,138.01,158.77,83.32,1,11,4,9.2,5.9,7.6499999999999995
2019-01-12,192.24,138.99,160.42,80.81,1,12,5,10.1,8.2,8.991666666666665
2019-01-13,192.73,99.82,155.67,81.62,1,13,6,9.3,6.7,8.116666666666665
2019-01-14,188.16,132.94,159.58,83.8,1,14,0,9.2,5.7,7.2250000000000005
2019-01-15,192.02,145.62,159.06,87.05,1,15,1,9.5,4.1,7.183333333333336
2019-01-16,190.29,146.36,162.0,93.47,1,16,2,3.9,2.2,3.079166666666667
2019-01-17,190.62,145.95,161.14,91.6,1,17,3,6.3,4.0,5.445833333333333
2019-01-18,192.89,146.36,157.9,86.66,1,18,4,9.6,4.1,6.533333333333334
2019-01-19,181.87,142.17,158.5,79.6,1,19,5,12.5,4.0,8.383333333333335
2019-01-20,183.54,99.68,151.87,84.96,1,20,6,11.7,4.2,7.187499999999997
2019-01-21,190.33,142.64,162.12,88.0,1,21,0,7.8,4.0,5.958333333333333
2019-01-22,191.35,142.51,159.34,86.77,1,22,1,10.5,6.3,8.254166666666666
2019-01-23,189.0,131.17,159.2,86.03,1,23,2,11.4,6.8,8.687500000000002
2019-01-24,190.28,144.51,161.19,85.09,1,24,3,9.0,3.7,6.5249999999999995
2019-01-25,187.64,141.19,161.04,87.41,1,25,4,9.2,3.8,5.804166666666667
2019-01-26,193.46,144.19,158.62,89.98,1,26,5,5.6,3.1,4.175
2019-01-27,181.53,139.31,154.61,84.16,1,27,6,8.2,2.5,5.441666666666667
2019-01-28,191.86,110.86,159.11,87.08,1,28,0,10.3,5.4,7.9875
2019-01-29,189.75,133.91,163.04,84.98,1,29,1,9.0,3.1,6.016666666666666
2019-01-30,182.75,109.43,155.18,82.15,1,30,2,9.5,6.8,8.129166666666666
2019-01-31,194.05,110.62,156.54,91.6,1,31,3,8.1,3.4,5.179166666666666
2019-02-01,159.88,116.4,133.5,87.95,2,1,4,6.2,3.5,4.787499999999999
2019-02-02,168.75,110.92,136.94,79.2,2,2,5,11.5,5.0,8.7
2019-02-03,166.91,61.72,134.62,73.06,2,3,6,18.3,8.9,13.545833333333334
2019-02-04,169.52,114.13,131.18,78.3,2,4,0,9.3,5.3,7.283333333333332
2019-02-05,142.88,53.16,121.25,73.45,2,5,1,13.4,4.3,8.975
2019-02-06,160.1,61.72,129.16,72.49,2,6,2,14.9,9.5,11.883333333333331
2019-02-07,166.84,125.04,136.11,85.25,2,7,3,12.1,2.5,7.070833333333333
2019-02-08,165.46,124.76,139.99,85.17,2,8,4,5.0,1.6,3.333333333333334
2019-02-09,164.0,122.58,140.41,89.63,2,9,5,4.7,1.7,3.100000000000001
2019-02-10,166.69,126.75,142.92,84.03,2,10,6,4.2,2.1,3.0708333333333333
2019-02-11,164.14,125.04,141.05,90.72,2,11,0,4.3,3.2,3.7291666666666665
2019-02-12,169.2,125.04,137.83,85.78,2,12,1,8.1,1.1,5.199999999999999
2019-02-13,169.54,125.04,136.21,87.79,2,13,2,8.5,5.8,6.995833333333334
2019-02-14,163.19,120.66,132.76,88.15,2,14,3,6.9,4.4,5.470833333333334
2019-02-15,167.55,125.04,135.95,87.68,2,15,4,7.7,4.3,6.241666666666666
2019-02-16,160.64,113.9,135.76,87.13,2,16,5,6.8,3.2,4.4875
2019-02-17,161.83,120.63,135.17,84.73,2,17,6,6.3,3.2,4.204166666666666
2019-02-18,168.05,125.04,137.37,84.23,2,18,0,9.4,3.0,6.6875
2019-02-19,169.4,116.8,133.36,82.39,2,19,1,12.5,6.4,9.279166666666665
2019-02-20,169.47,125.04,136.44,82.82,2,20,2,9.1,4.9,6.908333333333334
2019-02-21,161.36,125.04,138.76,83.36,2,21,3,8.6,5.7,7.133333333333334
2019-02-22,169.54,124.51,136.38,82.92,2,22,4,10.7,6.5,8.366666666666665
2019-02-23,161.67,121.11,141.01,77.61,2,23,5,13.2,4.4,9.025
2019-02-24,165.33,89.7,133.31,77.16,2,24,6,13.5,8.7,11.229166666666666
2019-02-25,169.01,116.84,141.62,80.1,2,25,0,12.5,7.8,9.591666666666667
2019-02-26,168.62,129.77,142.52,81.53,2,26,1,11.4,5.6,8.708333333333334
2019-02-27,167.08,121.24,140.02,81.95,2,27,2,11.8,9.5,10.691666666666668
2019-02-28,165.83,113.07,135.37,80.93,2,28,3,12.4,8.4,10.645833333333336
2019-03-01,168.66,123.69,142.02,79.3,3,1,4,11.8,6.4,9.337500000000002
2019-03-02,169.58,91.06,130.13,77.48,3,2,5,14.2,7.5,10.733333333333333
2019-03-03,154.97,93.03,127.65,75.37,3,3,6,12.9,10.6,11.816666666666668
2019-03-04,169.3,123.32,133.49,80.49,3,4,0,11.8,8.7,10.158333333333333
2019-03-05,169.66,123.8,133.66,78.36,3,5,1,12.8,6.4,10.2875
2019-03-06,169.37,123.8,134.74,79.71,3,6,2,13.2,8.7,10.716666666666663
2019-03-07,165.81,123.54,134.71,84.43,3,7,3,10.4,7.6,8.304166666666665
2019-03-08,169.37,123.8,132.78,81.18,3,8,4,11.7,3.8,8.2
2019-03-09,131.04,117.21,126.69,74.57,3,9,5,16.1,6.7,11.070833333333333
2019-03-10,134.95,108.89,126.03,74.93,3,10,6,12.8,9.7,11.137500000000001
2019-03-11,165.54,123.8,133.41,79.97,3,11,0,13.1,7.2,10.062499999999998
2019-03-12,168.41,118.09,130.22,78.78,3,12,1,15.4,6.5,10.695833333333333
2019-03-13,163.47,123.8,143.1,84.49,3,13,2,11.2,5.3,8.095833333333333
2019-03-14,168.8,123.8,139.75,83.09,3,14,3,13.3,7.2,9.995833333333335
2019-03-15,182.9,114.23,150.07,81.55,3,15,4,15.3,6.3,10.379166666666665
2019-03-16,172.69,127.13,152.46,79.1,3,16,5,13.7,6.1,9.441666666666665
2019-03-17,163.14,120.66,145.13,77.48,3,17,6,13.9,8.7,11.670833333333334
2019-03-18,178.86,117.41,151.62,79.39,3,18,0,13.9,7.1,10.4875
2019-03-19,174.06,118.34,150.87,76.91,3,19,1,15.6,9.3,12.304166666666667
2019-03-20,180.31,117.47,151.11,73.5,3,20,2,21.2,10.4,15.333333333333334
2019-03-21,168.85,114.17,147.59,76.61,3,21,3,19.9,7.7,11.483333333333333
2019-03-22,167.19,125.66,152.1,82.27,3,22,4,10.4,6.4,7.741666666666667
2019-03-23,174.46,117.71,149.78,82.29,3,23,5,11.3,6.6,8.549999999999997
2019-03-24,170.95,114.91,147.13,79.88,3,24,6,10.6,3.8,7.270833333333333
2019-03-25,176.15,117.6,150.11,80.02,3,25,0,12.9,6.5,9.612499999999999
2019-03-26,171.49,120.48,143.25,77.48,3,26,1,16.4,10.2,13.708333333333336
2019-03-27,171.97,114.79,139.69,72.94,3,27,2,21.3,10.4,16.191666666666666
2019-03-28,178.56,114.12,148.23,73.05,3,28,3,17.0,12.8,14.829166666666664
2019-03-29,179.08,115.26,149.46,72.72,3,29,4,16.4,12.2,14.045833333333334
2019-03-30,168.35,109.51,149.03,79.13,3,30,5,14.5,8.1,11.691666666666668
2019-03-31,168.35,117.66,149.14,81.4,3,31,6,10.4,7.2,8.499999999999998
2019-04-01,217.93,134.52,147.73,80.91,4,1,0,13.1,7.2,10.1
2019-04-02,179.62,127.09,148.66,81.04,4,2,1,13.4,9.0,10.808333333333335
2019-04-03,218.06,119.83,147.43,81.98,4,3,2,14.4,6.9,10.416666666666666
2019-04-04,181.52,122.51,145.53,77.88,4,4,3,14.4,6.2,10.808333333333335
2019-04-05,160.92,136.04,146.23,75.43,4,5,4,17.8,12.0,14.19166666666667
2019-04-06,165.45,115.83,146.13,72.17,4,6,5,19.9,11.2,14.916666666666664
2019-04-07,165.8,125.14,142.17,68.16,4,7,6,20.7,13.5,16.166666666666668
2019-04-08,182.16,120.05,145.95,71.92,4,8,0,18.0,11.8,14.641666666666667
2019-04-09,221.96,123.01,151.2,73.71,4,9,1,16.9,14.2,15.15
2019-04-10,224.71,127.39,153.01,78.43,4,10,2,14.2,9.7,10.812500000000002
2019-04-11,217.69,126.61,150.53,76.96,4,11,3,12.9,9.8,11.416666666666666
2019-04-12,180.36,136.8,146.84,77.04,4,12,4,15.9,9.5,12.962500000000004
2019-04-13,176.47,129.7,156.28,74.11,4,13,5,17.0,9.6,13.5375
2019-04-14,181.61,127.21,147.16,73.36,4,14,6,16.6,11.1,13.679166666666667
2019-04-15,181.48,135.35,148.11,74.73,4,15,0,16.6,9.2,12.887500000000001
2019-04-16,157.53,136.49,144.93,69.44,4,16,1,25.0,11.1,16.479166666666664
2019-04-17,162.6,136.49,147.63,73.39,4,17,2,18.1,14.3,16.05416666666667
2019-04-18,181.74,136.34,145.67,70.74,4,18,3,20.9,12.3,16.487500000000008
2019-04-19,181.48,135.42,147.53,67.73,4,19,4,21.3,14.4,16.958333333333332
2019-04-20,155.26,124.68,144.4,69.22,4,20,5,19.5,14.6,17.125000000000004
2019-04-21,163.95,126.77,147.07,64.02,4,21,6,22.8,15.2,18.308333333333334
2019-04-22,164.52,136.96,148.23,65.73,4,22,0,22.6,16.6,19.375000000000004
2019-04-23,160.84,125.42,147.19,67.18,4,23,1,21.6,17.5,19.166666666666668
2019-04-24,164.66,126.48,146.58,66.42,4,24,2,20.8,15.9,18.420833333333334
2019-04-25,164.3,139.15,147.04,66.63,4,25,3,17.3,14.3,15.9375
2019-04-26,156.61,136.8,145.24,73.65,4,26,4,15.9,11.5,12.529166666666669
2019-04-27,225.06,136.46,149.72,70.14,4,27,5,16.3,11.7,13.945833333333335
2019-04-28,164.56,127.99,146.72,66.8,4,28,6,17.4,12.6,14.820833333333338
2019-04-29,165.41,135.97,146.38,70.28,4,29,0,19.5,14.5,15.862500000000002
2019-04-30,160.79,136.63,147.02,68.97,4,30,1,17.0,14.6,15.5875
2019-05-01,146.05,133.43,139.95,68.46,5,1,2,18.2,12.6,14.620833333333337
2019-05-02,179.02,136.56,147.09,69.78,5,2,3,20.4,13.2,16.854166666666668
2019-05-03,180.46,134.72,145.75,69.67,5,3,4,21.9,16.2,18.729166666666668
2019-05-04,182.81,133.33,143.88,66.6,5,4,5,23.0,15.0,19.062499999999996
2019-05-05,150.07,133.1,139.69,66.23,5,5,6,21.8,17.0,19.212500000000002
2019-05-06,183.65,136.86,143.51,68.31,5,6,0,18.6,13.8,16.1375
2019-05-07,143.93,133.43,138.94,70.67,5,7,1,18.4,12.9,15.608333333333334
2019-05-08,184.71,133.43,142.56,66.53,5,8,2,18.9,12.1,15.975000000000001
2019-05-09,183.37,133.43,142.51,69.18,5,9,3,19.9,14.8,17.316666666666666
2019-05-10,176.16,133.43,145.78,68.22,5,10,4,20.3,14.5,17.487500000000004
2019-05-11,176.62,132.99,141.83,66.55,5,11,5,22.2,15.4,18.4875
2019-05-12,151.15,130.2,139.58,64.82,5,12,6,21.0,15.8,18.741666666666664
2019-05-13,147.45,132.47,141.0,65.82,5,13,0,23.6,17.7,19.958333333333336
2019-05-14,182.57,133.13,142.65,66.88,5,14,1,23.1,18.6,20.570833333333333
2019-05-15,226.1,133.43,163.91,67.16,5,15,2,26.4,17.1,21.07083333333333
2019-05-16,184.2,133.43,147.22,67.45,5,16,3,27.7,18.1,23.09166666666667
2019-05-17,184.95,133.43,145.18,65.81,5,17,4,26.0,18.5,21.508333333333336
2019-05-18,178.17,132.62,145.17,62.51,5,18,5,23.0,18.2,20.516666666666666
2019-05-19,183.54,132.9,147.62,62.95,5,19,6,26.1,19.0,21.787500000000005
2019-05-20,179.09,133.43,147.84,66.67,5,20,0,19.2,15.4,17.633333333333333
2019-05-21,183.25,133.43,144.42,65.77,5,21,1,22.4,14.5,18.841666666666665
2019-05-22,146.41,133.43,139.72,65.9,5,22,2,27.1,19.7,23.129166666666666
2019-05-23,148.98,132.63,141.28,66.7,5,23,3,30.5,22.4,26.104166666666668
2019-05-24,185.3,132.09,142.97,67.01,5,24,4,32.5,24.8,28.587499999999995
2019-05-25,180.17,129.27,149.16,65.02,5,25,5,27.0,21.7,23.67916666666667
2019-05-26,178.79,127.7,143.77,62.88,5,26,6,24.7,20.6,22.537499999999994
2019-05-27,175.65,129.23,145.98,67.05,5,27,0,25.0,16.0,21.82083333333333
2019-05-28,178.92,131.59,149.97,64.06,5,28,1,21.7,15.7,18.683333333333334
2019-05-29,175.48,134.08,148.34,65.99,5,29,2,26.4,19.2,22.312500000000004
2019-05-30,180.1,132.29,147.88,65.02,5,30,3,25.4,18.2,21.666666666666668
2019-05-31,180.46,133.22,145.36,63.97,5,31,4,21.3,16.2,18.179166666666664
2019-06-01,193.34,129.06,145.29,63.03,6,1,5,22.2,16.1,18.9375
2019-06-02,159.37,131.11,141.84,63.08,6,2,6,23.2,17.9,20.129166666666666
2019-06-03,150.7,133.94,142.62,65.43,6,3,0,23.9,18.0,21.1375
2019-06-04,240.07,132.54,162.13,67.49,6,4,1,27.7,19.7,22.525000000000002
2019-06-05,232.18,133.15,173.58,67.27,6,5,2,25.8,19.7,22.504166666666666
2019-06-06,239.85,136.87,156.12,67.86,6,6,3,27.7,19.2,23.09583333333333
2019-06-07,236.19,131.95,169.61,64.21,6,7,4,25.1,18.3,20.170833333333327
2019-06-08,186.16,129.73,150.12,63.27,6,8,5,22.4,17.6,19.824999999999996
2019-06-09,190.01,128.08,145.95,62.54,6,9,6,23.0,17.2,20.058333333333334
2019-06-10,193.05,131.68,154.07,63.91,6,10,0,24.4,17.6,20.29166666666667
2019-06-11,192.37,133.84,144.27,65.17,6,11,1,22.2,18.7,20.266666666666662
2019-06-12,191.21,135.75,145.67,65.25,6,12,2,22.4,17.7,19.933333333333326
2019-06-13,193.42,133.48,153.81,66.2,6,13,3,27.0,17.6,21.679166666666664
2019-06-14,187.75,133.3,151.72,64.98,6,14,4,21.3,17.6,19.708333333333332
2019-06-15,188.48,134.46,146.89,63.43,6,15,5,21.8,18.2,19.99166666666667
2019-06-16,188.45,130.31,145.13,62.72,6,16,6,23.3,18.8,20.483333333333338
2019-06-17,235.98,135.17,187.17,65.36,6,17,0,22.4,17.9,20.645833333333332
2019-06-18,238.0,137.84,207.73,65.82,6,18,1,23.3,20.6,21.599999999999998
2019-06-19,237.75,140.51,211.85,66.68,6,19,2,23.9,19.6,21.612499999999997
2019-06-20,241.07,172.61,214.56,67.32,6,20,3,23.9,20.0,22.0125
2019-06-21,239.23,174.81,214.8,67.39,6,21,4,25.9,19.1,22.46875
2019-06-22,242.02,137.49,196.74,65.42,6,22,5,23.0,19.1,21.312500000000004
2019-06-23,233.26,132.05,181.62,64.12,6,23,6,22.7,18.25,20.391666666666666
2019-06-24,238.93,132.05,184.91,66.52,6,24,0,23.85,17.1,20.562500000000004
2019-06-25,235.21,137.23,170.25,67.01,6,25,1,26.0,18.6,22.262500000000003
2019-06-26,191.36,138.5,157.31,70.62,6,26,2,23.950000000000003,19.85,22.01458333333333
2019-06-27,162.5,135.26,151.08,70.26,6,27,3,24.799999999999997,21.95,23.156250000000004
2019-06-28,191.07,136.85,154.48,70.0,6,28,4,25.35,19.8,22.904166666666672
2019-06-29,192.26,135.92,153.88,72.63,6,29,5,27.0,22.15,24.32083333333333
2019-06-30,192.26,139.62,152.35,67.55,6,30,6,24.4,21.45,22.858333333333334
2019-07-01,191.46,149.58,160.04,71.52,7,1,0,25.15,21.15,22.825
2019-07-02,198.15,152.23,157.4,69.86,7,2,1,24.6,20.7,22.445833333333336
2019-07-03,161.09,152.25,155.5,69.33,7,3,2,23.95,20.3,21.912499999999998
2019-07-04,195.17,149.58,164.76,70.42,7,4,3,26.4,20.299999999999997,22.868750000000002
2019-07-05,197.41,152.23,157.6,70.61,7,5,4,26.35,20.049999999999997,23.414583333333336
2019-07-06,196.48,149.5,160.09,68.56,7,6,5,24.85,20.549999999999997,22.735416666666662
2019-07-07,193.29,149.4,159.54,65.37,7,7,6,24.25,21.7,22.6375
2019-07-08,247.87,149.58,187.12,67.86,7,8,0,21.950000000000003,20.25,21.147916666666667
2019-07-09,167.33,150.88,156.87,68.43,7,9,1,22.3,20.9,21.368750000000002
2019-07-10,160.36,152.41,157.51,69.5,7,10,2,21.8,20.65,21.489583333333332
2019-07-11,161.19,149.58,155.71,70.13,7,11,3,26.25,20.549999999999997,22.970833333333335
2019-07-12,167.08,149.58,158.54,70.37,7,12,4,25.549999999999997,20.5,22.910416666666663
2019-07-13,172.13,149.5,156.47,66.27,7,13,5,22.0,19.85,20.98125
2019-07-14,170.0,149.4,158.25,69.22,7,14,6,26.5,21.0,23.700000000000006
2019-07-15,163.47,149.26,157.7,72.48,7,15,0,26.35,20.65,23.58333333333333
2019-07-16,160.55,152.1,155.77,73.21,7,16,1,25.9,20.85,23.508333333333336
2019-07-17,197.86,149.58,159.14,75.92,7,17,2,25.8,22.75,24.085416666666664
2019-07-18,250.98,151.56,175.32,73.2,7,18,3,24.799999999999997,22.6,23.679166666666664
2019-07-19,187.16,150.61,172.2,75.87,7,19,4,24.700000000000003,23.05,23.887500000000003
2019-07-20,193.13,150.07,160.55,70.26,7,20,5,25.45,24.0,24.616666666666664
2019-07-21,189.26,149.4,160.63,74.05,7,21,6,29.7,23.9,26.464583333333334
2019-07-22,248.9,149.58,174.43,81.4,7,22,0,30.200000000000003,24.5,26.239583333333332
2019-07-23,194.51,149.97,167.3,82.75,7,23,1,29.4,24.7,27.00833333333333
2019-07-24,189.78,149.88,168.8,83.35,7,24,2,29.15,25.65,27.112499999999986
2019-07-25,245.57,149.58,188.49,85.37,7,25,3,30.05,25.75,27.24791666666667
2019-07-26,599.28,149.58,184.8,86.26,7,26,4,29.25,25.35,27.279166666666665
2019-07-27,158.52,131.91,153.05,82.91,7,27,5,29.799999999999997,26.35,27.58125
2019-07-28,172.18,147.07,156.41,83.66,7,28,6,30.65,26.65,28.2375
2019-07-29,166.63,148.73,157.88,89.53,7,29,0,31.299999999999997,25.55,28.297916666666666
2019-07-30,198.61,147.11,160.05,93.28,7,30,1,32.85,27.0,29.27291666666667
2019-07-31,192.15,146.2,163.09,93.33,7,31,2,31.75,27.25,29.010416666666668
2019-08-01,171.92,150.57,164.78,93.97,8,1,3,31.5,26.0,28.53125
2019-08-02,176.69,150.68,163.05,92.73,8,2,4,30.799999999999997,25.45,28.06041666666667
2019-08-03,172.69,149.49,162.28,86.5,8,3,5,30.15,24.65,27.637500000000003
2019-08-04,175.91,149.38,160.94,86.89,8,4,6,29.549999999999997,25.15,27.347916666666666
2019-08-05,233.37,149.81,173.78,90.65,8,5,0,30.5,24.55,27.331249999999994
2019-08-06,230.47,149.56,177.38,92.51,8,6,1,30.95,25.75,28.127083333333335
2019-08-07,233.62,149.56,181.13,95.82,8,7,2,32.45,26.0,28.920833333333324
2019-08-08,230.02,152.3,181.09,96.54,8,8,3,32.25,27.0,29.38958333333333
2019-08-09,232.85,151.88,179.34,92.95,8,9,4,32.8,26.200000000000003,29.175
2019-08-10,234.57,149.49,171.37,86.02,8,10,5,30.6,28.2,29.420833333333338
2019-08-11,171.77,152.26,160.17,84.5,8,11,6,29.4,27.8,28.499999999999996
2019-08-12,232.21,149.56,174.33,91.15,8,12,0,31.1,27.3,28.83333333333333
2019-08-13,231.05,149.56,174.1,94.01,8,13,1,30.7,25.4,28.349999999999998
2019-08-14,177.13,149.56,164.25,92.76,8,14,2,30.9,26.8,28.37916666666666
2019-08-15,236.72,149.38,171.91,83.14,8,15,3,28.0,26.5,27.020833333333332
2019-08-16,176.03,149.73,163.58,85.45,8,16,4,30.1,25.3,27.524999999999995
2019-08-17,178.35,149.51,162.44,85.26,8,17,5,31.8,24.4,27.625
2019-08-18,176.51,149.28,159.75,79.04,8,18,6,28.8,25.8,26.949999999999992
2019-08-19,179.48,148.18,164.33,84.16,8,19,0,28.5,23.0,25.591666666666665
2019-08-20,173.74,149.56,161.4,87.23,8,20,1,29.0,24.6,26.441666666666666
2019-08-21,175.67,150.11,164.1,88.93,8,21,2,30.9,25.3,27.55
2019-08-22,177.52,149.56,162.48,89.48,8,22,3,30.1,25.5,27.70833333333334
2019-08-23,174.97,149.56,161.02,84.42,8,23,4,29.9,24.4,26.59583333333333
2019-08-24,180.8,151.51,161.28,76.74,8,24,5,28.1,22.9,25.504166666666666
2019-08-25,176.11,151.16,160.93,72.08,8,25,6,27.2,23.0,24.94583333333334
2019-08-26,174.93,149.56,162.1,81.03,8,26,0,26.9,22.1,24.933333333333337
2019-08-27,178.22,152.35,161.24,86.55,8,27,1,29.4,24.2,26.562499999999996
2019-08-28,178.9,151.81,161.82,80.11,8,28,2,26.6,22.5,24.566666666666666
2019-08-29,172.24,151.45,163.09,73.5,8,29,3,24.4,21.2,22.483333333333334
2019-08-30,174.11,149.56,165.24,73.48,8,30,4,27.9,20.9,24.825000000000003
2019-08-31,176.95,151.12,161.38,72.24,8,31,5,27.3,20.2,23.783333333333335
2019-09-01,185.02,162.75,168.05,68.53,9,1,6,25.5,21.0,22.716666666666665
2019-09-02,190.04,161.59,169.32,77.45,9,2,0,26.3,21.7,23.706249999999994
2019-09-03,186.95,159.49,169.06,77.69,9,3,1,25.5,22.6,24.175
2019-09-04,226.51,159.32,180.7,75.84,9,4,2,26.4,23.4,24.337500000000002
2019-09-05,219.42,156.8,181.7,79.59,9,5,3,27.9,22.9,25.377083333333335
2019-09-06,187.07,160.34,173.46,78.08,9,6,4,28.0,24.5,26.033333333333335
2019-09-07,190.6,159.16,166.85,73.42,9,7,5,27.9,24.4,26.404166666666665
2019-09-08,181.68,159.35,167.43,71.04,9,8,6,25.1,22.5,23.683333333333337
2019-09-09,187.5,160.15,167.3,80.2,9,9,0,28.5,23.7,25.737499999999997
2019-09-10,191.13,157.37,166.34,80.41,9,10,1,29.3,24.6,26.525000000000006
2019-09-11,174.33,161.79,164.68,79.41,9,11,2,28.4,23.9,25.650000000000002
2019-09-12,190.1,156.47,165.9,67.16,9,12,3,24.8,23.2,24.066666666666666
2019-09-13,171.49,153.09,163.48,62.04,9,13,4,24.9,22.2,23.625
2019-09-14,186.38,159.41,168.55,67.73,9,14,5,26.3,21.7,24.025000000000002
2019-09-15,190.17,156.59,166.6,71.33,9,15,6,26.5,21.9,24.204166666666662
2019-09-16,172.59,159.69,168.8,74.87,9,16,0,26.1,22.9,24.254166666666663
2019-09-17,174.29,158.95,167.1,71.66,9,17,1,24.7,21.2,23.412499999999998
2019-09-18,174.09,160.95,167.77,71.15,9,18,2,26.4,18.1,22.495833333333326
2019-09-19,177.83,161.62,167.11,69.44,9,19,3,24.8,18.4,22.279166666666665
2019-09-20,173.29,159.28,167.03,68.76,9,20,4,24.2,20.4,22.508333333333336
2019-09-21,177.19,81.92,158.94,64.56,9,21,5,21.5,19.0,20.487499999999994
2019-09-22,183.06,77.57,164.08,61.41,9,22,6,21.4,19.7,20.462500000000002
2019-09-23,182.41,160.99,168.43,65.95,9,23,0,23.7,18.8,21.095833333333335
2019-09-24,184.92,154.21,167.83,66.15,9,24,1,24.1,15.8,19.675
2019-09-25,175.83,159.41,166.66,66.81,9,25,2,24.2,17.6,20.862499999999997
2019-09-26,181.86,160.17,167.82,69.96,9,26,3,26.0,21.0,23.299999999999997
2019-09-27,183.07,81.88,161.72,72.16,9,27,4,25.1,22.7,23.662499999999998
2019-09-28,185.84,161.22,167.86,73.89,9,28,5,25.2,22.6,23.879166666666666
2019-09-29,174.42,78.32,161.98,72.28,9,29,6,25.7,22.9,23.883333333333336
2019-09-30,175.87,160.56,167.6,75.9,9,30,0,25.6,21.5,23.454166666666666
2019-10-01,182.38,163.9,170.75,73.51,10,1,1,25.1,20.9,23.2625
2019-10-02,178.01,161.01,168.01,69.56,10,2,2,27.0,20.6,23.952083333333334
2019-10-03,187.58,117.52,166.95,66.38,10,3,3,24.7,21.9,23.366666666666664
2019-10-04,173.84,161.81,168.94,69.97,10,4,4,25.0,20.2,22.654166666666665
2019-10-05,180.4,132.45,169.4,64.88,10,5,5,22.5,19.1,20.912500000000005
2019-10-06,186.57,161.1,170.99,64.26,10,6,6,23.7,17.0,20.620833333333334
2019-10-07,180.1,127.61,164.39,66.39,10,7,0,23.4,18.3,21.016666666666666
2019-10-08,185.03,134.41,170.77,64.88,10,8,1,22.6,17.9,20.445833333333333
2019-10-09,182.27,132.05,168.72,64.59,10,9,2,20.3,13.6,17.05
2019-10-10,182.04,131.77,166.69,66.82,10,10,3,22.3,11.5,17.295833333333334
2019-10-11,182.74,119.81,158.37,64.73,10,11,4,23.2,16.5,20.183333333333334
2019-10-12,176.53,165.64,172.52,64.23,10,12,5,23.3,18.1,20.66666666666667
2019-10-13,175.61,157.5,166.51,62.4,10,13,6,21.5,17.3,19.525000000000002
2019-10-14,188.13,90.93,161.0,65.2,10,14,0,21.8,16.8,18.8875
2019-10-15,183.96,130.22,166.74,66.77,10,15,1,18.9,15.3,17.437500000000004
2019-10-16,183.64,128.26,166.46,66.3,10,16,2,20.4,14.5,17.599999999999998
2019-10-17,191.62,92.47,163.73,66.72,10,17,3,20.7,15.7,18.6375
2019-10-18,191.92,85.84,162.1,66.04,10,18,4,20.1,18.0,19.1875
2019-10-19,193.91,62.04,146.69,63.52,10,19,5,21.5,16.9,19.704166666666666
2019-10-20,188.88,59.26,161.69,63.34,10,20,6,21.6,15.5,18.39166666666667
2019-10-21,192.63,92.27,158.68,66.09,10,21,0,21.4,16.7,19.3375
2019-10-22,192.62,93.25,162.16,66.56,10,22,1,21.2,17.5,20.04583333333333
2019-10-23,187.32,92.76,150.39,67.47,10,23,2,21.4,19.3,20.250000000000004
2019-10-24,187.6,92.8,154.91,66.48,10,24,3,21.3,18.8,20.075000000000006
2019-10-25,180.79,92.81,160.69,66.85,10,25,4,23.0,16.6,19.683333333333334
2019-10-26,183.74,96.28,140.82,64.51,10,26,5,19.3,15.4,16.579166666666666
2019-10-27,184.84,96.38,148.24,63.31,10,27,6,17.4,13.0,15.912500000000001
2019-10-28,192.42,97.54,157.74,67.14,10,28,0,18.7,11.7,14.795833333333334
2019-10-29,188.74,131.63,165.8,66.97,10,29,1,20.5,14.4,17.404166666666665
2019-10-30,190.44,103.54,145.03,67.02,10,30,2,18.4,12.7,16.1
2019-10-31,182.03,103.54,155.29,67.3,10,31,3,20.0,10.5,15.462499999999999
2019-11-01,181.95,77.18,154.36,67.0,11,1,4,21.5,13.9,17.59583333333333
2019-11-02,180.73,63.77,150.42,63.8,11,2,5,21.4,12.5,17.8
2019-11-03,181.26,58.68,132.54,65.09,11,3,6,19.1,15.1,17.145833333333332
2019-11-04,180.31,77.45,154.57,67.49,11,4,0,19.4,13.7,16.512500000000003
2019-11-05,177.61,91.75,162.17,65.46,11,5,1,19.3,14.9,17.025000000000002
2019-11-06,180.59,158.45,166.34,66.55,11,6,2,18.5,12.1,14.999999999999998
2019-11-07,181.83,162.21,167.18,69.32,11,7,3,18.7,12.9,15.866666666666665
2019-11-08,177.69,91.85,164.59,67.85,11,8,4,15.6,12.8,13.716666666666663
2019-11-09,183.51,92.65,158.2,65.51,11,9,5,16.7,10.6,13.964583333333332
2019-11-10,182.71,89.23,153.95,65.53,11,10,6,18.4,9.0,14.920833333333334
2019-11-11,179.89,90.34,162.04,70.77,11,11,0,18.0,15.5,17.016666666666666
2019-11-12,185.96,90.34,157.91,67.18,11,12,1,17.0,11.7,14.320833333333333
2019-11-13,182.91,89.22,132.13,68.44,11,13,2,18.4,9.6,14.445833333333333
2019-11-14,176.15,90.34,139.1,71.15,11,14,3,14.6,4.9,10.674999999999999
2019-11-15,171.65,151.17,163.85,71.25,11,15,4,16.6,4.5,11.241666666666667
2019-11-16,171.89,157.82,165.92,65.56,11,16,5,20.4,11.2,15.40833333333333
2019-11-17,178.36,139.52,162.87,65.14,11,17,6,23.3,15.3,20.120833333333334
2019-11-18,170.04,156.79,165.05,70.87,11,18,0,21.4,11.2,14.458333333333334
2019-11-19,169.71,84.82,161.75,75.21,11,19,1,11.4,10.0,10.679166666666667
2019-11-20,179.72,84.6,162.0,73.61,11,20,2,10.8,6.3,9.666666666666666
2019-11-21,179.01,84.58,149.04,71.39,11,21,3,16.1,7.4,12.466666666666667
2019-11-22,174.09,81.01,153.25,68.99,11,22,4,18.8,11.6,15.929166666666667
2019-11-23,178.21,88.6,136.62,64.85,11,23,5,20.5,13.1,17.029166666666665
2019-11-24,184.27,89.04,130.44,64.51,11,24,6,19.0,13.9,17.47083333333333
2019-11-25,174.25,75.86,163.62,74.19,11,25,0,13.6,9.3,10.275
2019-11-26,166.94,85.96,160.66,72.18,11,26,1,15.3,9.2,12.9625
2019-11-27,172.87,85.52,150.38,77.38,11,27,2,14.5,9.5,11.395833333333334
2019-11-28,175.26,88.6,137.97,75.42,11,28,3,12.0,8.9,10.5875
2019-11-29,178.38,88.6,142.01,76.27,11,29,4,11.1,6.6,9.583333333333334
2019-11-30,173.38,86.22,137.03,68.88,11,30,5,16.9,5.1,11.433333333333335
2019-12-01,185.79,135.81,169.78,68.66,12,1,6,15.1,11.1,12.304166666666665
2019-12-02,185.55,89.08,145.26,78.18,12,2,0,11.6,8.1,9.925
2019-12-03,194.62,87.79,139.33,78.55,12,3,1,10.2,7.7,9.2
2019-12-04,192.6,88.23,137.73,78.25,12,4,2,12.5,10.1,11.174999999999999
2019-12-05,195.16,88.23,147.1,83.52,12,5,3,11.2,6.5,8.958333333333336
2019-12-06,197.19,127.92,164.24,84.89,12,6,4,5.8,3.3,4.233333333333333
2019-12-07,199.44,88.23,160.68,80.8,12,7,5,9.2,4.5,7.120833333333333
2019-12-08,179.37,88.23,151.54,74.76,12,8,6,10.0,6.4,8.758333333333335
2019-12-09,176.7,88.23,153.32,80.93,12,9,0,14.5,6.0,9.908333333333333
2019-12-10,191.04,88.23,145.43,75.2,12,10,1,17.6,9.0,12.866666666666665
2019-12-11,180.72,88.23,148.62,77.07,12,11,2,17.3,9.6,12.579166666666667
2019-12-12,188.45,88.23,141.82,81.14,12,12,3,9.6,5.8,8.391666666666667
2019-12-13,169.18,88.23,122.79,77.47,12,13,4,11.8,3.3,7.624999999999999
2019-12-14,146.9,88.18,107.72,75.64,12,14,5,12.2,6.2,9.383333333333335
2019-12-15,152.63,87.63,109.63,70.11,12,15,6,16.3,5.3,11.537500000000001
2019-12-16,196.99,88.23,124.52,73.9,12,16,0,17.1,8.6,13.204166666666666
2019-12-17,145.51,85.65,107.8,73.88,12,17,1,17.5,11.2,13.9125
2019-12-18,146.37,85.57,113.87,80.47,12,18,2,10.5,7.5,8.850000000000001
2019-12-19,146.32,85.56,115.52,81.56,12,19,3,8.4,7.0,7.7541666666666655
2019-12-20,197.87,85.44,113.8,80.89,12,20,4,9.8,7.0,8.341666666666667
2019-12-21,153.66,83.73,104.44,77.5,12,21,5,9.9,4.9,7.658333333333335
2019-12-22,138.02,82.35,99.62,76.96,12,22,6,10.7,6.2,9.487499999999999
2019-12-23,144.25,85.57,99.13,81.7,12,23,0,11.7,4.9,8.983333333333333
2019-12-24,420.83,84.57,130.21,81.29,12,24,1,11.1,7.2,8.812499999999998
2019-12-25,146.35,85.78,91.86,73.07,12,25,2,14.1,4.2,10.304166666666665
2019-12-26,148.89,85.61,98.85,82.38,12,26,3,12.4,7.2,10.1375
2019-12-27,204.7,85.47,138.92,84.65,12,27,4,7.0,5.9,6.6208333333333345
2019-12-28,143.94,89.84,131.05,80.27,12,28,5,9.1,4.5,7.1875
2019-12-29,151.05,83.58,121.39,72.94,12,29,6,15.0,4.9,10.629166666666668
2019-12-30,149.26,85.85,111.14,77.65,12,30,0,13.5,7.1,11.858333333333334
2019-12-31,151.84,87.38,121.19,90.01,12,31,1,6.3,2.0,3.0875000000000004
2020-01-01,154.95,84.89,107.36,81.3,1,1,2,6.8,2.4,4.758333333333334
2020-01-02,207.32,88.79,120.82,80.69,1,2,3,9.1,5.1,7.837499999999999
2020-01-03,152.22,88.79,115.41,79.2,1,3,4,10.4,7.0,8.795833333333336
2020-01-04,150.43,79.39,111.94,80.59,1,4,5,11.0,5.1,7.854166666666668
2020-01-05,202.96,88.79,115.54,77.7,1,5,6,10.8,4.6,8.016666666666667
2020-01-06,149.02,88.79,114.33,75.77,1,6,0,18.0,8.9,13.662499999999996
2020-01-07,90.68,84.99,88.47,73.05,1,7,1,20.1,13.8,18.245833333333334
2020-01-08,90.57,82.55,88.71,86.85,1,8,2,13.0,6.9,8.525000000000002
2020-01-09,152.84,85.83,109.34,86.28,1,9,3,7.6,6.9,7.2250000000000005
2020-01-10,204.67,86.89,113.74,81.83,1,10,4,10.1,4.3,7.766666666666665
2020-01-11,150.12,79.37,109.24,81.19,1,11,5,8.6,6.8,8.0375
2020-01-12,131.37,79.63,95.92,83.29,1,12,6,7.7,6.8,7.325
2020-01-13,201.08,88.79,131.02,87.61,1,13,0,7.8,6.3,6.924999999999998
2020-01-14,155.69,86.72,107.74,93.73,1,14,1,6.2,3.3,4.45
2020-01-15,204.29,86.9,114.96,91.51,1,15,2,6.7,4.8,5.745833333333334
2020-01-16,211.86,87.06,123.36,88.81,1,16,3,7.3,4.7,6.1000000000000005
2020-01-17,154.99,86.9,106.64,91.36,1,17,4,8.7,6.1,6.858333333333333
2020-01-18,151.04,81.22,106.0,87.43,1,18,5,7.7,6.3,6.933333333333334
2020-01-19,155.32,84.92,106.77,83.52,1,19,6,9.7,6.2,8.295833333333334
2020-01-20,152.78,86.49,112.4,88.97,1,20,0,9.4,7.2,8.333333333333334
2020-01-21,208.76,87.15,123.61,86.26,1,21,1,9.2,5.2,6.808333333333334
2020-01-22,207.03,87.11,126.0,83.08,1,22,2,13.3,8.2,10.629166666666668
2020-01-23,152.37,86.49,111.6,75.65,1,23,3,13.1,10.6,11.399999999999999
2020-01-24,152.68,72.64,95.86,71.58,1,24,4,12.3,9.6,10.924999999999999
2020-01-25,155.46,85.94,99.77,70.02,1,25,5,13.3,10.3,12.045833333333336
2020-01-26,92.32,72.64,88.38,72.42,1,26,6,12.6,10.8,11.5625
2020-01-27,154.46,78.95,94.07,76.64,1,27,0,11.2,8.5,9.983333333333334
2020-01-28,156.57,84.8,103.05,80.25,1,28,1,10.8,9.2,9.758333333333335
2020-01-29,154.78,86.99,109.21,82.9,1,29,2,9.9,7.4,9.320833333333333
2020-01-30,203.15,84.87,112.85,84.85,1,30,3,8.8,7.4,8.179166666666665
2020-01-31,205.89,84.8,117.22,86.06,1,31,4,7.7,6.1,7.0375000000000005
